-- --------------------------------------------------------
-- Host:                         127.0.0.1
-- Versión del servidor:         10.1.38-MariaDB - mariadb.org binary distribution
-- SO del servidor:              Win64
-- HeidiSQL Versión:             10.2.0.5599
-- --------------------------------------------------------

/*!40101 SET @OLD_CHARACTER_SET_CLIENT=@@CHARACTER_SET_CLIENT */;
/*!40101 SET NAMES utf8 */;
/*!50503 SET NAMES utf8mb4 */;
/*!40014 SET @OLD_FOREIGN_KEY_CHECKS=@@FOREIGN_KEY_CHECKS, FOREIGN_KEY_CHECKS=0 */;
/*!40101 SET @OLD_SQL_MODE=@@SQL_MODE, SQL_MODE='NO_AUTO_VALUE_ON_ZERO' */;


-- Volcando estructura de base de datos para db_proyectofarmacia
CREATE DATABASE IF NOT EXISTS `db_proyectofarmacia` /*!40100 DEFAULT CHARACTER SET utf8 COLLATE utf8_spanish2_ci */;
USE `db_proyectofarmacia`;

-- Volcando estructura para tabla db_proyectofarmacia.tb_carousel
CREATE TABLE IF NOT EXISTS `tb_carousel` (
  `id_carousel` int(11) NOT NULL AUTO_INCREMENT,
  `imagen` varchar(20) COLLATE utf8_spanish2_ci NOT NULL,
  PRIMARY KEY (`id_carousel`)
) ENGINE=InnoDB DEFAULT CHARSET=utf8 COLLATE=utf8_spanish2_ci;

-- Volcando datos para la tabla db_proyectofarmacia.tb_carousel: ~0 rows (aproximadamente)
/*!40000 ALTER TABLE `tb_carousel` DISABLE KEYS */;
/*!40000 ALTER TABLE `tb_carousel` ENABLE KEYS */;

-- Volcando estructura para tabla db_proyectofarmacia.tb_ciudades
CREATE TABLE IF NOT EXISTS `tb_ciudades` (
  `id_ciudad` int(11) NOT NULL,
  `nombre_ciudad` varchar(50) COLLATE utf8_spanish2_ci NOT NULL,
  `id_pais` int(11) DEFAULT NULL,
  `update_at` datetime DEFAULT NULL,
  PRIMARY KEY (`id_ciudad`),
  KEY `id_pais` (`id_pais`),
  CONSTRAINT `fk_ciudades-paises` FOREIGN KEY (`id_pais`) REFERENCES `tb_paises` (`id_pais`) ON DELETE CASCADE
) ENGINE=InnoDB DEFAULT CHARSET=utf8 COLLATE=utf8_spanish2_ci;

-- Volcando datos para la tabla db_proyectofarmacia.tb_ciudades: ~1.016 rows (aproximadamente)
/*!40000 ALTER TABLE `tb_ciudades` DISABLE KEYS */;
INSERT INTO `tb_ciudades` (`id_ciudad`, `nombre_ciudad`, `id_pais`, `update_at`) VALUES
	(1500, 'COLON', 220, NULL),
	(2500, 'SANTIAGO', 220, NULL),
	(3500, 'BALBOA', 220, NULL),
	(4500, 'SABANITAS', 220, NULL),
	(5001, 'MEDELLIN', 205, NULL),
	(5002, 'ABEJORRAL', 205, NULL),
	(5004, 'ABRIAQUI', 205, NULL),
	(5021, 'ALEJANDRIA', 205, NULL),
	(5030, 'AMAGA', 205, NULL),
	(5031, 'AMALFI', 205, NULL),
	(5034, 'ANDES', 205, NULL),
	(5036, 'ANGELOPOLIS', 205, NULL),
	(5038, 'ANGOSTURA', 205, NULL),
	(5040, 'ANORI', 205, NULL),
	(5042, 'SANTAFE DE ANTIOQUIA', 205, NULL),
	(5044, 'ANZA', 205, NULL),
	(5045, 'APARTADO', 205, NULL),
	(5051, 'ARBOLETES', 205, NULL),
	(5055, 'ARGELIA', 205, NULL),
	(5059, 'ARMENIA', 205, NULL),
	(5079, 'BARBOSA', 205, NULL),
	(5086, 'BELMIRA', 205, NULL),
	(5088, 'BELLO', 205, NULL),
	(5091, 'BETANIA', 205, NULL),
	(5093, 'BETULIA', 205, NULL),
	(5101, 'CIUDAD BOLIVAR', 205, NULL),
	(5107, 'BRICEÑO', 205, NULL),
	(5113, 'BURITICA', 205, NULL),
	(5120, 'CACERES', 205, NULL),
	(5125, 'CAICEDO', 205, NULL),
	(5129, 'CALDAS', 205, NULL),
	(5134, 'CAMPAMENTO', 205, NULL),
	(5138, 'CAÑASGORDAS', 205, NULL),
	(5142, 'CARACOLI', 205, NULL),
	(5145, 'CARAMANTA', 205, NULL),
	(5147, 'CAREPA', 205, NULL),
	(5148, 'EL CARMEN DE VIBORAL', 205, NULL),
	(5150, 'CAROLINA', 205, NULL),
	(5154, 'CAUCASIA', 205, NULL),
	(5172, 'CHIGORODO', 205, NULL),
	(5190, 'CISNEROS', 205, NULL),
	(5197, 'COCORNA', 205, NULL),
	(5206, 'CONCEPCION', 205, NULL),
	(5209, 'CONCORDIA', 205, NULL),
	(5212, 'COPACABANA', 205, NULL),
	(5234, 'DABEIBA', 205, NULL),
	(5237, 'DON MATIAS', 205, NULL),
	(5240, 'EBEJICO', 205, NULL),
	(5250, 'EL BAGRE', 205, NULL),
	(5264, 'ENTRERRIOS', 205, NULL),
	(5266, 'ENVIGADO', 205, NULL),
	(5282, 'FREDONIA', 205, NULL),
	(5284, 'FRONTINO', 205, NULL),
	(5306, 'GIRALDO', 205, NULL),
	(5308, 'GIRARDOTA', 205, NULL),
	(5310, 'GOMEZ PLATA', 205, NULL),
	(5313, 'GRANADA', 205, NULL),
	(5315, 'GUADALUPE', 205, NULL),
	(5318, 'GUARNE', 205, NULL),
	(5321, 'GUATAPE', 205, NULL),
	(5347, 'HELICONIA', 205, NULL),
	(5353, 'HISPANIA', 205, NULL),
	(5360, 'ITAGUI', 205, NULL),
	(5361, 'ITUANGO', 205, NULL),
	(5364, 'JARDIN', 205, NULL),
	(5368, 'JERICO', 205, NULL),
	(5376, 'LA CEJA', 205, NULL),
	(5380, 'LA ESTRELLA', 205, NULL),
	(5390, 'LA PINTADA', 205, NULL),
	(5400, 'LA UNION', 205, NULL),
	(5411, 'LIBORINA', 205, NULL),
	(5425, 'MACEO', 205, NULL),
	(5440, 'MARINILLA', 205, NULL),
	(5467, 'MONTEBELLO', 205, NULL),
	(5475, 'MURINDO', 205, NULL),
	(5480, 'MUTATA', 205, NULL),
	(5483, 'NARI?O', 205, NULL),
	(5490, 'NECOCLI', 205, NULL),
	(5495, 'NECHI', 205, NULL),
	(5501, 'OLAYA', 205, NULL),
	(5541, 'PELÑOL', 205, NULL),
	(5543, 'PEQUE', 205, NULL),
	(5576, 'PUEBLORRICO', 205, NULL),
	(5579, 'PUERTO BERRIO', 205, NULL),
	(5585, 'PUERTO NARE', 205, NULL),
	(5591, 'PUERTO TRIUNFO', 205, NULL),
	(5604, 'REMEDIOS', 205, NULL),
	(5607, 'RETIRO', 205, NULL),
	(5615, 'RIONEGRO', 205, NULL),
	(5628, 'SABANALARGA', 205, NULL),
	(5631, 'SABANETA', 205, NULL),
	(5642, 'SALGAR', 205, NULL),
	(5647, 'SAN ANDRES DE CUERQUIA', 205, NULL),
	(5649, 'SAN CARLOS', 205, NULL),
	(5652, 'SAN FRANCISCO', 205, NULL),
	(5656, 'SAN JERONIMO', 205, NULL),
	(5658, 'SAN JOSE DE LA MONTA?A', 205, NULL),
	(5659, 'SAN JUAN DE URABA', 205, NULL),
	(5660, 'SAN LUIS', 205, NULL),
	(5664, 'SAN PEDRO', 205, NULL),
	(5665, 'SAN PEDRO DE URABA', 205, NULL),
	(5667, 'SAN RAFAEL', 205, NULL),
	(5670, 'SAN ROQUE', 205, NULL),
	(5674, 'SAN VICENTE', 205, NULL),
	(5679, 'SANTA BARBARA', 205, NULL),
	(5686, 'SANTA ROSA DE OSOS', 205, NULL),
	(5690, 'SANTO DOMINGO', 205, NULL),
	(5697, 'EL SANTUARIO', 205, NULL),
	(5736, 'SEGOVIA', 205, NULL),
	(5756, 'SONSON', 205, NULL),
	(5761, 'SOPETRAN', 205, NULL),
	(5789, 'TAMESIS', 205, NULL),
	(5790, 'TARAZA', 205, NULL),
	(5792, 'TARSO', 205, NULL),
	(5809, 'TITIRIBI', 205, NULL),
	(5819, 'TOLEDO', 205, NULL),
	(5837, 'TURBO', 205, NULL),
	(5842, 'URAMITA', 205, NULL),
	(5847, 'URRAO', 205, NULL),
	(5854, 'VALDIVIA', 205, NULL),
	(5856, 'VALPARAISO', 205, NULL),
	(5858, 'VEGACHI', 205, NULL),
	(5861, 'VENECIA', 205, NULL),
	(5873, 'VIGIA DEL FUERTE', 205, NULL),
	(5885, 'YALI', 205, NULL),
	(5887, 'YARUMAL', 205, NULL),
	(5890, 'YOLOMBO', 205, NULL),
	(5893, 'YONDO', 205, NULL),
	(5895, 'ZARAGOZA', 205, NULL),
	(8001, 'BARRANQUILLA', 205, NULL),
	(8078, 'BARANOA', 205, NULL),
	(8137, 'CAMPO DE LA CRUZ', 205, NULL),
	(8141, 'CANDELARIA', 205, NULL),
	(8296, 'GALAPA', 205, NULL),
	(8372, 'JUAN DE ACOSTA', 205, NULL),
	(8421, 'LURUACO', 205, NULL),
	(8433, 'MALAMBO', 205, NULL),
	(8436, 'MANATI', 205, NULL),
	(8520, 'PALMAR DE VARELA', 205, NULL),
	(8549, 'PIOJO', 205, NULL),
	(8558, 'POLONUEVO', 205, NULL),
	(8560, 'PONEDERA', 205, NULL),
	(8573, 'PUERTO COLOMBIA', 205, NULL),
	(8606, 'REPELON', 205, NULL),
	(8634, 'SABANAGRANDE', 205, NULL),
	(8638, 'SABANALARGA', 205, NULL),
	(8675, 'SANTA LUCIA', 205, NULL),
	(8685, 'SANTO TOMAS', 205, NULL),
	(8758, 'SOLEDAD', 205, NULL),
	(8770, 'SUAN', 205, NULL),
	(8832, 'TUBARA', 205, NULL),
	(8849, 'USIACURI', 205, NULL),
	(11001, 'BOGOTA, D.C.', 205, NULL),
	(13001, 'CARTAGENA', 205, NULL),
	(13006, 'ACHI', 205, NULL),
	(13030, 'ALTOS DEL ROSARIO', 205, NULL),
	(13042, 'ARENAL', 205, NULL),
	(13052, 'ARJONA', 205, NULL),
	(13062, 'ARROYOHONDO', 205, NULL),
	(13074, 'BARRANCO DE LOBA', 205, NULL),
	(13140, 'CALAMAR', 205, NULL),
	(13160, 'CANTAGALLO', 205, NULL),
	(13188, 'CICUCO', 205, NULL),
	(13212, 'CORDOBA', 205, NULL),
	(13222, 'CLEMENCIA', 205, NULL),
	(13244, 'EL CARMEN DE BOLIVAR', 205, NULL),
	(13248, 'EL GUAMO', 205, NULL),
	(13268, 'EL PE?ON', 205, NULL),
	(13300, 'HATILLO DE LOBA', 205, NULL),
	(13430, 'MAGANGUE', 205, NULL),
	(13433, 'MAHATES', 205, NULL),
	(13440, 'MARGARITA', 205, NULL),
	(13442, 'MARIA LA BAJA', 205, NULL),
	(13458, 'MONTECRISTO', 205, NULL),
	(13468, 'MOMPOS', 205, NULL),
	(13473, 'MORALES', 205, NULL),
	(13490, 'NOROSI', 205, NULL),
	(13549, 'PINILLOS', 205, NULL),
	(13580, 'REGIDOR', 205, NULL),
	(13600, 'RIO VIEJO', 205, NULL),
	(13620, 'SAN CRISTOBAL', 205, NULL),
	(13647, 'SAN ESTANISLAO', 205, NULL),
	(13650, 'SAN FERNANDO', 205, NULL),
	(13654, 'SAN JACINTO', 205, NULL),
	(13655, 'SAN JACINTO DEL CAUCA', 205, NULL),
	(13657, 'SAN JUAN NEPOMUCENO', 205, NULL),
	(13667, 'SAN MARTIN DE LOBA', 205, NULL),
	(13670, 'SAN PABLO', 205, NULL),
	(13673, 'SANTA CATALINA', 205, NULL),
	(13683, 'SANTA ROSA', 205, NULL),
	(13688, 'SANTA ROSA DEL SUR', 205, NULL),
	(13744, 'SIMITI', 205, NULL),
	(13760, 'SOPLAVIENTO', 205, NULL),
	(13780, 'TALAIGUA NUEVO', 205, NULL),
	(13810, 'TIQUISIO', 205, NULL),
	(13836, 'TURBACO', 205, NULL),
	(13838, 'TURBANA', 205, NULL),
	(13873, 'VILLANUEVA', 205, NULL),
	(13894, 'ZAMBRANO', 205, NULL),
	(15001, 'TUNJA', 205, NULL),
	(15022, 'ALMEIDA', 205, NULL),
	(15047, 'AQUITANIA', 205, NULL),
	(15051, 'ARCABUCO', 205, NULL),
	(15087, 'BELEN', 205, NULL),
	(15090, 'BERBEO', 205, NULL),
	(15092, 'BETEITIVA', 205, NULL),
	(15097, 'BOAVITA', 205, NULL),
	(15104, 'BOYACA', 205, NULL),
	(15106, 'BRICE?O', 205, NULL),
	(15109, 'BUENAVISTA', 205, NULL),
	(15114, 'BUSBANZA', 205, NULL),
	(15131, 'CALDAS', 205, NULL),
	(15135, 'CAMPOHERMOSO', 205, NULL),
	(15162, 'CERINZA', 205, NULL),
	(15172, 'CHINAVITA', 205, NULL),
	(15176, 'CHIQUINQUIRA', 205, NULL),
	(15180, 'CHISCAS', 205, NULL),
	(15183, 'CHITA', 205, NULL),
	(15185, 'CHITARAQUE', 205, NULL),
	(15187, 'CHIVATA', 205, NULL),
	(15189, 'CIENEGA', 205, NULL),
	(15204, 'COMBITA', 205, NULL),
	(15212, 'COPER', 205, NULL),
	(15215, 'CORRALES', 205, NULL),
	(15218, 'COVARACHIA', 205, NULL),
	(15223, 'CUBARA', 205, NULL),
	(15224, 'CUCAITA', 205, NULL),
	(15226, 'CUITIVA', 205, NULL),
	(15232, 'CHIQUIZA', 205, NULL),
	(15236, 'CHIVOR', 205, NULL),
	(15238, 'DUITAMA', 205, NULL),
	(15244, 'EL COCUY', 205, NULL),
	(15248, 'EL ESPINO', 205, NULL),
	(15272, 'FIRAVITOBA', 205, NULL),
	(15276, 'FLORESTA', 205, NULL),
	(15293, 'GACHANTIVA', 205, NULL),
	(15296, 'GAMEZA', 205, NULL),
	(15299, 'GARAGOA', 205, NULL),
	(15317, 'GUACAMAYAS', 205, NULL),
	(15322, 'GUATEQUE', 205, NULL),
	(15325, 'GUAYATA', 205, NULL),
	(15332, 'GsICAN', 205, NULL),
	(15362, 'IZA', 205, NULL),
	(15367, 'JENESANO', 205, NULL),
	(15368, 'JERICO', 205, NULL),
	(15377, 'LABRANZAGRANDE', 205, NULL),
	(15380, 'LA CAPILLA', 205, NULL),
	(15401, 'LA VICTORIA', 205, NULL),
	(15403, 'LA UVITA', 205, NULL),
	(15407, 'VILLA DE LEYVA', 205, NULL),
	(15425, 'MACANAL', 205, NULL),
	(15442, 'MARIPI', 205, NULL),
	(15455, 'MIRAFLORES', 205, NULL),
	(15464, 'MONGUA', 205, NULL),
	(15466, 'MONGUI', 205, NULL),
	(15469, 'MONIQUIRA', 205, NULL),
	(15476, 'MOTAVITA', 205, NULL),
	(15480, 'MUZO', 205, NULL),
	(15491, 'NOBSA', 205, NULL),
	(15494, 'NUEVO COLON', 205, NULL),
	(15500, 'OICATA', 205, NULL),
	(15507, 'OTANCHE', 205, NULL),
	(15511, 'PACHAVITA', 205, NULL),
	(15514, 'PAEZ', 205, NULL),
	(15516, 'PAIPA', 205, NULL),
	(15518, 'PAJARITO', 205, NULL),
	(15522, 'PANQUEBA', 205, NULL),
	(15531, 'PAUNA', 205, NULL),
	(15533, 'PAYA', 205, NULL),
	(15537, 'PAZ DE RIO', 205, NULL),
	(15542, 'PESCA', 205, NULL),
	(15550, 'PISBA', 205, NULL),
	(15572, 'PUERTO BOYACA', 205, NULL),
	(15580, 'QUIPAMA', 205, NULL),
	(15599, 'RAMIRIQUI', 205, NULL),
	(15600, 'RAQUIRA', 205, NULL),
	(15621, 'RONDON', 205, NULL),
	(15632, 'SABOYA', 205, NULL),
	(15638, 'SACHICA', 205, NULL),
	(15646, 'SAMACA', 205, NULL),
	(15660, 'SAN EDUARDO', 205, NULL),
	(15664, 'SAN JOSE DE PARE', 205, NULL),
	(15667, 'SAN LUIS DE GACENO', 205, NULL),
	(15673, 'SAN MATEO', 205, NULL),
	(15676, 'SAN MIGUEL DE SEMA', 205, NULL),
	(15681, 'SAN PABLO DE BORBUR', 205, NULL),
	(15686, 'SANTANA', 205, NULL),
	(15690, 'SANTA MARIA', 205, NULL),
	(15693, 'SANTA ROSA DE VITERBO', 205, NULL),
	(15696, 'SANTA SOFIA', 205, NULL),
	(15720, 'SATIVANORTE', 205, NULL),
	(15723, 'SATIVASUR', 205, NULL),
	(15740, 'SIACHOQUE', 205, NULL),
	(15753, 'SOATA', 205, NULL),
	(15755, 'SOCOTA', 205, NULL),
	(15757, 'SOCHA', 205, NULL),
	(15759, 'SOGAMOSO', 205, NULL),
	(15761, 'SOMONDOCO', 205, NULL),
	(15762, 'SORA', 205, NULL),
	(15763, 'SOTAQUIRA', 205, NULL),
	(15764, 'SORACA', 205, NULL),
	(15774, 'SUSACON', 205, NULL),
	(15776, 'SUTAMARCHAN', 205, NULL),
	(15778, 'SUTATENZA', 205, NULL),
	(15790, 'TASCO', 205, NULL),
	(15798, 'TENZA', 205, NULL),
	(15804, 'TIBANA', 205, NULL),
	(15806, 'TIBASOSA', 205, NULL),
	(15808, 'TINJACA', 205, NULL),
	(15810, 'TIPACOQUE', 205, NULL),
	(15814, 'TOCA', 205, NULL),
	(15816, 'TOGsI', 205, NULL),
	(15820, 'TOPAGA', 205, NULL),
	(15822, 'TOTA', 205, NULL),
	(15832, 'TUNUNGUA', 205, NULL),
	(15835, 'TURMEQUE', 205, NULL),
	(15837, 'TUTA', 205, NULL),
	(15839, 'TUTAZA', 205, NULL),
	(15842, 'UMBITA', 205, NULL),
	(15861, 'VENTAQUEMADA', 205, NULL),
	(15879, 'VIRACACHA', 205, NULL),
	(15897, 'ZETAQUIRA', 205, NULL),
	(17001, 'MANIZALES', 205, NULL),
	(17013, 'AGUADAS', 205, NULL),
	(17042, 'ANSERMA', 205, NULL),
	(17050, 'ARANZAZU', 205, NULL),
	(17088, 'BELALCAZAR', 205, NULL),
	(17174, 'CHINCHINA', 205, NULL),
	(17272, 'FILADELFIA', 205, NULL),
	(17380, 'LA DORADA', 205, NULL),
	(17388, 'LA MERCED', 205, NULL),
	(17433, 'MANZANARES', 205, NULL),
	(17442, 'MARMATO', 205, NULL),
	(17444, 'MARQUETALIA', 205, NULL),
	(17446, 'MARULANDA', 205, NULL),
	(17486, 'NEIRA', 205, NULL),
	(17495, 'NORCASIA', 205, NULL),
	(17513, 'PACORA', 205, NULL),
	(17524, 'PALESTINA', 205, NULL),
	(17541, 'PENSILVANIA', 205, NULL),
	(17614, 'RIOSUCIO', 205, NULL),
	(17616, 'RISARALDA', 205, NULL),
	(17653, 'SALAMINA', 205, NULL),
	(17662, 'SAMANA', 205, NULL),
	(17665, 'SAN JOSE', 205, NULL),
	(17777, 'SUPIA', 205, NULL),
	(17867, 'VICTORIA', 205, NULL),
	(17873, 'VILLAMARIA', 205, NULL),
	(17877, 'VITERBO', 205, NULL),
	(18001, 'FLORENCIA', 205, NULL),
	(18029, 'ALBANIA', 205, NULL),
	(18094, 'BELEN DE LOS ANDAQUIES', 205, NULL),
	(18150, 'CARTAGENA DEL CHAIRA', 205, NULL),
	(18205, 'CURILLO', 205, NULL),
	(18247, 'EL DONCELLO', 205, NULL),
	(18256, 'EL PAUJIL', 205, NULL),
	(18410, 'LA MONTA?ITA', 205, NULL),
	(18460, 'MILAN', 205, NULL),
	(18479, 'MORELIA', 205, NULL),
	(18592, 'PUERTO RICO', 205, NULL),
	(18610, 'SAN JOSE DEL FRAGUA', 205, NULL),
	(18753, 'SAN VICENTE DEL CAGUAN', 205, NULL),
	(18756, 'SOLANO', 205, NULL),
	(18785, 'SOLITA', 205, NULL),
	(18860, 'VALPARAISO', 205, NULL),
	(19001, 'POPAYAN', 205, NULL),
	(19022, 'ALMAGUER', 205, NULL),
	(19050, 'ARGELIA', 205, NULL),
	(19075, 'BALBOA', 205, NULL),
	(19100, 'BOLIVAR', 205, NULL),
	(19110, 'BUENOS AIRES', 205, NULL),
	(19130, 'CAJIBIO', 205, NULL),
	(19137, 'CALDONO', 205, NULL),
	(19142, 'CALOTO', 205, NULL),
	(19212, 'CORINTO', 205, NULL),
	(19256, 'EL TAMBO', 205, NULL),
	(19290, 'FLORENCIA', 205, NULL),
	(19300, 'GUACHENE', 205, NULL),
	(19318, 'GUAPI', 205, NULL),
	(19355, 'INZA', 205, NULL),
	(19364, 'JAMBALO', 205, NULL),
	(19392, 'LA SIERRA', 205, NULL),
	(19397, 'LA VEGA', 205, NULL),
	(19418, 'LOPEZ', 205, NULL),
	(19450, 'MERCADERES', 205, NULL),
	(19455, 'MIRANDA', 205, NULL),
	(19473, 'MORALES', 205, NULL),
	(19513, 'PADILLA', 205, NULL),
	(19517, 'PAEZ', 205, NULL),
	(19532, 'PATIA', 205, NULL),
	(19533, 'PIAMONTE', 205, NULL),
	(19548, 'PIENDAMO', 205, NULL),
	(19573, 'PUERTO TEJADA', 205, NULL),
	(19585, 'PURACE', 205, NULL),
	(19622, 'ROSAS', 205, NULL),
	(19693, 'SAN SEBASTIAN', 205, NULL),
	(19698, 'SANTANDER DE QUILICHAO', 205, NULL),
	(19701, 'SANTA ROSA', 205, NULL),
	(19743, 'SILVIA', 205, NULL),
	(19760, 'SOTARA', 205, NULL),
	(19780, 'SUAREZ', 205, NULL),
	(19785, 'SUCRE', 205, NULL),
	(19807, 'TIMBIO', 205, NULL),
	(19809, 'TIMBIQUI', 205, NULL),
	(19821, 'TORIBIO', 205, NULL),
	(19824, 'TOTORO', 205, NULL),
	(19845, 'VILLA RICA', 205, NULL),
	(20001, 'VALLEDUPAR', 205, NULL),
	(20011, 'AGUACHICA', 205, NULL),
	(20013, 'AGUSTIN CODAZZI', 205, NULL),
	(20032, 'ASTREA', 205, NULL),
	(20045, 'BECERRIL', 205, NULL),
	(20060, 'BOSCONIA', 205, NULL),
	(20175, 'CHIMICHAGUA', 205, NULL),
	(20178, 'CHIRIGUANA', 205, NULL),
	(20228, 'CURUMANI', 205, NULL),
	(20238, 'EL COPEY', 205, NULL),
	(20250, 'EL PASO', 205, NULL),
	(20295, 'GAMARRA', 205, NULL),
	(20310, 'GONZALEZ', 205, NULL),
	(20383, 'LA GLORIA', 205, NULL),
	(20400, 'LA JAGUA DE IBIRICO', 205, NULL),
	(20443, 'MANAURE', 205, NULL),
	(20517, 'PAILITAS', 205, NULL),
	(20550, 'PELAYA', 205, NULL),
	(20570, 'PUEBLO BELLO', 205, NULL),
	(20614, 'RIO DE ORO', 205, NULL),
	(20621, 'LA PAZ', 205, NULL),
	(20710, 'SAN ALBERTO', 205, NULL),
	(20750, 'SAN DIEGO', 205, NULL),
	(20770, 'SAN MARTIN', 205, NULL),
	(20787, 'TAMALAMEQUE', 205, NULL),
	(23001, 'MONTERIA', 205, NULL),
	(23068, 'AYAPEL', 205, NULL),
	(23079, 'BUENAVISTA', 205, NULL),
	(23090, 'CANALETE', 205, NULL),
	(23162, 'CERETE', 205, NULL),
	(23168, 'CHIMA', 205, NULL),
	(23182, 'CHINU', 205, NULL),
	(23189, 'CIENAGA DE ORO', 205, NULL),
	(23300, 'COTORRA', 205, NULL),
	(23350, 'LA APARTADA', 205, NULL),
	(23417, 'LORICA', 205, NULL),
	(23419, 'LOS CORDOBAS', 205, NULL),
	(23464, 'MOMIL', 205, NULL),
	(23466, 'MONTELIBANO', 205, NULL),
	(23500, 'MO?ITOS', 205, NULL),
	(23555, 'PLANETA RICA', 205, NULL),
	(23570, 'PUEBLO NUEVO', 205, NULL),
	(23574, 'PUERTO ESCONDIDO', 205, NULL),
	(23580, 'PUERTO LIBERTADOR', 205, NULL),
	(23586, 'PURISIMA', 205, NULL),
	(23660, 'SAHAGUN', 205, NULL),
	(23670, 'SAN ANDRES SOTAVENTO', 205, NULL),
	(23672, 'SAN ANTERO', 205, NULL),
	(23675, 'SAN BERNARDO DEL VIENTO', 205, NULL),
	(23678, 'SAN CARLOS', 205, NULL),
	(23686, 'SAN PELAYO', 205, NULL),
	(23807, 'TIERRALTA', 205, NULL),
	(23855, 'VALENCIA', 205, NULL),
	(27001, 'QUIBDO', 205, NULL),
	(27006, 'ACANDI', 205, NULL),
	(27025, 'ALTO BAUDO', 205, NULL),
	(27050, 'ATRATO', 205, NULL),
	(27073, 'BAGADO', 205, NULL),
	(27075, 'BAHIA SOLANO', 205, NULL),
	(27077, 'BAJO BAUDO', 205, NULL),
	(27099, 'BOJAYA', 205, NULL),
	(27135, 'EL CANTON DEL SAN PABLO', 205, NULL),
	(27150, 'CARMEN DEL DARIEN', 205, NULL),
	(27160, 'CERTEGUI', 205, NULL),
	(27205, 'CONDOTO', 205, NULL),
	(27245, 'EL CARMEN DE ATRATO', 205, NULL),
	(27250, 'EL LITORAL DEL SAN JUAN', 205, NULL),
	(27361, 'ISTMINA', 205, NULL),
	(27372, 'JURADO', 205, NULL),
	(27413, 'LLORO', 205, NULL),
	(27425, 'MEDIO ATRATO', 205, NULL),
	(27430, 'MEDIO BAUDO', 205, NULL),
	(27450, 'MEDIO SAN JUAN', 205, NULL),
	(27491, 'NOVITA', 205, NULL),
	(27495, 'NUQUI', 205, NULL),
	(27580, 'RIO IRO', 205, NULL),
	(27600, 'RIO QUITO', 205, NULL),
	(27615, 'RIOSUCIO', 205, NULL),
	(27660, 'SAN JOSE DEL PALMAR', 205, NULL),
	(27745, 'SIPI', 205, NULL),
	(27787, 'TADO', 205, NULL),
	(27800, 'UNGUIA', 205, NULL),
	(27810, 'UNION PANAMERICANA', 205, NULL),
	(41001, 'NEIVA', 205, NULL),
	(41006, 'ACEVEDO', 205, NULL),
	(41013, 'AGRADO', 205, NULL),
	(41016, 'AIPE', 205, NULL),
	(41020, 'ALGECIRAS', 205, NULL),
	(41026, 'ALTAMIRA', 205, NULL),
	(41078, 'BARAYA', 205, NULL),
	(41132, 'CAMPOALEGRE', 205, NULL),
	(41206, 'COLOMBIA', 205, NULL),
	(41244, 'ELIAS', 205, NULL),
	(41298, 'GARZON', 205, NULL),
	(41306, 'GIGANTE', 205, NULL),
	(41319, 'GUADALUPE', 205, NULL),
	(41349, 'HOBO', 205, NULL),
	(41357, 'IQUIRA', 205, NULL),
	(41359, 'ISNOS', 205, NULL),
	(41378, 'LA ARGENTINA', 205, NULL),
	(41396, 'LA PLATA', 205, NULL),
	(41483, 'NATAGA', 205, NULL),
	(41503, 'OPORAPA', 205, NULL),
	(41518, 'PAICOL', 205, NULL),
	(41524, 'PALERMO', 205, NULL),
	(41530, 'PALESTINA', 205, NULL),
	(41548, 'PITAL', 205, NULL),
	(41551, 'PITALITO', 205, NULL),
	(41615, 'RIVERA', 205, NULL),
	(41660, 'SALADOBLANCO', 205, NULL),
	(41668, 'SAN AGUSTIN', 205, NULL),
	(41676, 'SANTA MARIA', 205, NULL),
	(41770, 'SUAZA', 205, NULL),
	(41791, 'TARQUI', 205, NULL),
	(41797, 'TESALIA', 205, NULL),
	(41799, 'TELLO', 205, NULL),
	(41801, 'TERUEL', 205, NULL),
	(41807, 'TIMANA', 205, NULL),
	(41872, 'VILLAVIEJA', 205, NULL),
	(41885, 'YAGUARA', 205, NULL),
	(44001, 'RIOHACHA', 205, NULL),
	(44035, 'ALBANIA', 205, NULL),
	(44078, 'BARRANCAS', 205, NULL),
	(44090, 'DIBULLA', 205, NULL),
	(44098, 'DISTRACCION', 205, NULL),
	(44110, 'EL MOLINO', 205, NULL),
	(44279, 'FONSECA', 205, NULL),
	(44378, 'HATONUEVO', 205, NULL),
	(44420, 'LA JAGUA DEL PILAR', 205, NULL),
	(44430, 'MAICAO', 205, NULL),
	(44560, 'MANAURE', 205, NULL),
	(44650, 'SAN JUAN DEL CESAR', 205, NULL),
	(44847, 'URIBIA', 205, NULL),
	(44855, 'URUMITA', 205, NULL),
	(44874, 'VILLANUEVA', 205, NULL),
	(47001, 'SANTA MARTA', 205, NULL),
	(47030, 'ALGARROBO', 205, NULL),
	(47053, 'ARACATACA', 205, NULL),
	(47058, 'ARIGUANI', 205, NULL),
	(47161, 'CERRO SAN ANTONIO', 205, NULL),
	(47170, 'CHIBOLO', 205, NULL),
	(47189, 'CIENAGA', 205, NULL),
	(47205, 'CONCORDIA', 205, NULL),
	(47245, 'EL BANCO', 205, NULL),
	(47258, 'EL PI?ON', 205, NULL),
	(47268, 'EL RETEN', 205, NULL),
	(47288, 'FUNDACION', 205, NULL),
	(47318, 'GUAMAL', 205, NULL),
	(47460, 'NUEVA GRANADA', 205, NULL),
	(47541, 'PEDRAZA', 205, NULL),
	(47545, 'PIJI?O DEL CARMEN', 205, NULL),
	(47551, 'PIVIJAY', 205, NULL),
	(47555, 'PLATO', 205, NULL),
	(47570, 'PUEBLOVIEJO', 205, NULL),
	(47605, 'REMOLINO', 205, NULL),
	(47660, 'SABANAS DE SAN ANGEL', 205, NULL),
	(47675, 'SALAMINA', 205, NULL),
	(47692, 'SAN SEBASTIAN DE BUENAVISTA', 205, NULL),
	(47703, 'SAN ZENON', 205, NULL),
	(47707, 'SANTA ANA', 205, NULL),
	(47720, 'SANTA BARBARA DE PINTO', 205, NULL),
	(47745, 'SITIONUEVO', 205, NULL),
	(47798, 'TENERIFE', 205, NULL),
	(47960, 'ZAPAYAN', 205, NULL),
	(47980, 'ZONA BANANERA', 205, NULL),
	(50000, 'QUITO', 210, NULL),
	(50001, 'VILLAVICENCIO', 205, NULL),
	(50006, 'ACACIAS', 205, NULL),
	(50110, 'BARRANCA DE UPIA', 205, NULL),
	(50124, 'CABUYARO', 205, NULL),
	(50150, 'CASTILLA LA NUEVA', 205, NULL),
	(50223, 'CUBARRAL', 205, NULL),
	(50226, 'CUMARAL', 205, NULL),
	(50245, 'EL CALVARIO', 205, NULL),
	(50251, 'EL CASTILLO', 205, NULL),
	(50270, 'EL DORADO', 205, NULL),
	(50287, 'FUENTE DE ORO', 205, NULL),
	(50313, 'GRANADA', 205, NULL),
	(50318, 'GUAMAL', 205, NULL),
	(50325, 'MAPIRIPAN', 205, NULL),
	(50330, 'MESETAS', 205, NULL),
	(50350, 'LA MACARENA', 205, NULL),
	(50370, 'URIBE', 205, NULL),
	(50400, 'LEJANIAS', 205, NULL),
	(50450, 'PUERTO CONCORDIA', 205, NULL),
	(50568, 'PUERTO GAITAN', 205, NULL),
	(50573, 'PUERTO LOPEZ', 205, NULL),
	(50577, 'PUERTO LLERAS', 205, NULL),
	(50590, 'PUERTO RICO', 205, NULL),
	(50606, 'RESTREPO', 205, NULL),
	(50680, 'SAN CARLOS DE GUAROA', 205, NULL),
	(50683, 'SAN JUAN DE ARAMA', 205, NULL),
	(50686, 'SAN JUANITO', 205, NULL),
	(50689, 'SAN MARTIN', 205, NULL),
	(50711, 'VISTAHERMOSA', 205, NULL),
	(51000, 'GUAYAQUIL', 210, NULL),
	(52000, 'TULCAN', 210, NULL),
	(52001, 'PASTO', 205, NULL),
	(52019, 'ALBAN', 205, NULL),
	(52022, 'ALDANA', 205, NULL),
	(52036, 'ANCUYA', 205, NULL),
	(52051, 'ARBOLEDA', 205, NULL),
	(52079, 'BARBACOAS', 205, NULL),
	(52083, 'BELEN', 205, NULL),
	(52110, 'BUESACO', 205, NULL),
	(52203, 'COLON', 205, NULL),
	(52207, 'CONSACA', 205, NULL),
	(52210, 'CONTADERO', 205, NULL),
	(52215, 'CORDOBA', 205, NULL),
	(52224, 'CUASPUD', 205, NULL),
	(52227, 'CUMBAL', 205, NULL),
	(52233, 'CUMBITARA', 205, NULL),
	(52240, 'CHACHAGsI', 205, NULL),
	(52250, 'EL CHARCO', 205, NULL),
	(52254, 'EL PE?OL', 205, NULL),
	(52256, 'EL ROSARIO', 205, NULL),
	(52258, 'EL TABLON DE GOMEZ', 205, NULL),
	(52260, 'EL TAMBO', 205, NULL),
	(52287, 'FUNES', 205, NULL),
	(52317, 'GUACHUCAL', 205, NULL),
	(52320, 'GUAITARILLA', 205, NULL),
	(52323, 'GUALMATAN', 205, NULL),
	(52352, 'ILES', 205, NULL),
	(52354, 'IMUES', 205, NULL),
	(52356, 'IPIALES', 205, NULL),
	(52378, 'LA CRUZ', 205, NULL),
	(52381, 'LA FLORIDA', 205, NULL),
	(52385, 'LA LLANADA', 205, NULL),
	(52390, 'LA TOLA', 205, NULL),
	(52399, 'LA UNION', 205, NULL),
	(52405, 'LEIVA', 205, NULL),
	(52411, 'LINARES', 205, NULL),
	(52418, 'LOS ANDES', 205, NULL),
	(52427, 'MAGsI', 205, NULL),
	(52435, 'MALLAMA', 205, NULL),
	(52473, 'MOSQUERA', 205, NULL),
	(52480, 'NARI?O', 205, NULL),
	(52490, 'OLAYA HERRERA', 205, NULL),
	(52506, 'OSPINA', 205, NULL),
	(52520, 'FRANCISCO PIZARRO', 205, NULL),
	(52540, 'POLICARPA', 205, NULL),
	(52560, 'POTOSI', 205, NULL),
	(52565, 'PROVIDENCIA', 205, NULL),
	(52573, 'PUERRES', 205, NULL),
	(52585, 'PUPIALES', 205, NULL),
	(52612, 'RICAURTE', 205, NULL),
	(52621, 'ROBERTO PAYAN', 205, NULL),
	(52678, 'SAMANIEGO', 205, NULL),
	(52683, 'SANDONA', 205, NULL),
	(52685, 'SAN BERNARDO', 205, NULL),
	(52687, 'SAN LORENZO', 205, NULL),
	(52693, 'SAN PABLO', 205, NULL),
	(52694, 'SAN PEDRO DE CARTAGO', 205, NULL),
	(52696, 'SANTA BARBARA', 205, NULL),
	(52699, 'SANTACRUZ', 205, NULL),
	(52720, 'SAPUYES', 205, NULL),
	(52786, 'TAMINANGO', 205, NULL),
	(52788, 'TANGUA', 205, NULL),
	(52835, 'SAN ANDRES DE TUMACO', 205, NULL),
	(52838, 'TUQUERRES', 205, NULL),
	(52885, 'YACUANQUER', 205, NULL),
	(54001, 'CUCUTA', 205, NULL),
	(54003, 'ABREGO', 205, NULL),
	(54051, 'ARBOLEDAS', 205, NULL),
	(54099, 'BOCHALEMA', 205, NULL),
	(54109, 'BUCARASICA', 205, NULL),
	(54125, 'CACOTA', 205, NULL),
	(54128, 'CACHIRA', 205, NULL),
	(54172, 'CHINACOTA', 205, NULL),
	(54174, 'CHITAGA', 205, NULL),
	(54206, 'CONVENCION', 205, NULL),
	(54223, 'CUCUTILLA', 205, NULL),
	(54239, 'DURANIA', 205, NULL),
	(54245, 'EL CARMEN', 205, NULL),
	(54250, 'EL TARRA', 205, NULL),
	(54261, 'EL ZULIA', 205, NULL),
	(54313, 'GRAMALOTE', 205, NULL),
	(54344, 'HACARI', 205, NULL),
	(54347, 'HERRAN', 205, NULL),
	(54377, 'LABATECA', 205, NULL),
	(54385, 'LA ESPERANZA', 205, NULL),
	(54398, 'LA PLAYA', 205, NULL),
	(54405, 'LOS PATIOS', 205, NULL),
	(54418, 'LOURDES', 205, NULL),
	(54480, 'MUTISCUA', 205, NULL),
	(54498, 'OCA?A', 205, NULL),
	(54518, 'PAMPLONA', 205, NULL),
	(54520, 'PAMPLONITA', 205, NULL),
	(54553, 'PUERTO SANTANDER', 205, NULL),
	(54599, 'RAGONVALIA', 205, NULL),
	(54660, 'SALAZAR', 205, NULL),
	(54670, 'SAN CALIXTO', 205, NULL),
	(54673, 'SAN CAYETANO', 205, NULL),
	(54680, 'SANTIAGO', 205, NULL),
	(54720, 'SARDINATA', 205, NULL),
	(54743, 'SILOS', 205, NULL),
	(54800, 'TEORAMA', 205, NULL),
	(54810, 'TIBU', 205, NULL),
	(54820, 'TOLEDO', 205, NULL),
	(54871, 'VILLA CARO', 205, NULL),
	(54874, 'VILLA DEL ROSARIO', 205, NULL),
	(63001, 'ARMENIA', 205, NULL),
	(63111, 'BUENAVISTA', 205, NULL),
	(63130, 'CALARCA', 205, NULL),
	(63190, 'CIRCASIA', 205, NULL),
	(63212, 'CORDOBA', 205, NULL),
	(63272, 'FILANDIA', 205, NULL),
	(63302, 'GENOVA', 205, NULL),
	(63401, 'LA TEBAIDA', 205, NULL),
	(63470, 'MONTENEGRO', 205, NULL),
	(63548, 'PIJAO', 205, NULL),
	(63594, 'QUIMBAYA', 205, NULL),
	(63690, 'SALENTO', 205, NULL),
	(66001, 'PEREIRA', 205, NULL),
	(66045, 'APIA', 205, NULL),
	(66075, 'BALBOA', 205, NULL),
	(66088, 'BELEN DE UMBRIA', 205, NULL),
	(66170, 'DOSQUEBRADAS', 205, NULL),
	(66318, 'GUATICA', 205, NULL),
	(66383, 'LA CELIA', 205, NULL),
	(66400, 'LA VIRGINIA', 205, NULL),
	(66440, 'MARSELLA', 205, NULL),
	(66456, 'MISTRATO', 205, NULL),
	(66572, 'PUEBLO RICO', 205, NULL),
	(66594, 'QUINCHIA', 205, NULL),
	(66682, 'SANTA ROSA DE CABAL', 205, NULL),
	(66687, 'SANTUARIO', 205, NULL),
	(68001, 'BUCARAMANGA', 205, NULL),
	(68013, 'AGUADA', 205, NULL),
	(68020, 'ALBANIA', 205, NULL),
	(68051, 'ARATOCA', 205, NULL),
	(68077, 'BARBOSA', 205, NULL),
	(68079, 'BARICHARA', 205, NULL),
	(68081, 'BARRANCABERMEJA', 205, NULL),
	(68092, 'BETULIA', 205, NULL),
	(68101, 'BOLIVAR', 205, NULL),
	(68121, 'CABRERA', 205, NULL),
	(68132, 'CALIFORNIA', 205, NULL),
	(68147, 'CAPITANEJO', 205, NULL),
	(68152, 'CARCASI', 205, NULL),
	(68160, 'CEPITA', 205, NULL),
	(68162, 'CERRITO', 205, NULL),
	(68167, 'CHARALA', 205, NULL),
	(68169, 'CHARTA', 205, NULL),
	(68176, 'CHIMA', 205, NULL),
	(68179, 'CHIPATA', 205, NULL),
	(68190, 'CIMITARRA', 205, NULL),
	(68207, 'CONCEPCION', 205, NULL),
	(68209, 'CONFINES', 205, NULL),
	(68211, 'CONTRATACION', 205, NULL),
	(68217, 'COROMORO', 205, NULL),
	(68229, 'CURITI', 205, NULL),
	(68235, 'EL CARMEN DE CHUCURI', 205, NULL),
	(68245, 'EL GUACAMAYO', 205, NULL),
	(68250, 'EL PE?ON', 205, NULL),
	(68255, 'EL PLAYON', 205, NULL),
	(68264, 'ENCINO', 205, NULL),
	(68266, 'ENCISO', 205, NULL),
	(68271, 'FLORIAN', 205, NULL),
	(68276, 'FLORIDABLANCA', 205, NULL),
	(68296, 'GALAN', 205, NULL),
	(68298, 'GAMBITA', 205, NULL),
	(68307, 'GIRON', 205, NULL),
	(68318, 'GUACA', 205, NULL),
	(68320, 'GUADALUPE', 205, NULL),
	(68322, 'GUAPOTA', 205, NULL),
	(68324, 'GUAVATA', 205, NULL),
	(68327, 'GsEPSA', 205, NULL),
	(68344, 'HATO', 205, NULL),
	(68368, 'JESUS MARIA', 205, NULL),
	(68370, 'JORDAN', 205, NULL),
	(68377, 'LA BELLEZA', 205, NULL),
	(68385, 'LANDAZURI', 205, NULL),
	(68397, 'LA PAZ', 205, NULL),
	(68406, 'LEBRIJA', 205, NULL),
	(68418, 'LOS SANTOS', 205, NULL),
	(68425, 'MACARAVITA', 205, NULL),
	(68432, 'MALAGA', 205, NULL),
	(68444, 'MATANZA', 205, NULL),
	(68464, 'MOGOTES', 205, NULL),
	(68468, 'MOLAGAVITA', 205, NULL),
	(68498, 'OCAMONTE', 205, NULL),
	(68500, 'OIBA', 205, NULL),
	(68502, 'ONZAGA', 205, NULL),
	(68522, 'PALMAR', 205, NULL),
	(68524, 'PALMAS DEL SOCORRO', 205, NULL),
	(68533, 'PARAMO', 205, NULL),
	(68547, 'PIEDECUESTA', 205, NULL),
	(68549, 'PINCHOTE', 205, NULL),
	(68572, 'PUENTE NACIONAL', 205, NULL),
	(68573, 'PUERTO PARRA', 205, NULL),
	(68575, 'PUERTO WILCHES', 205, NULL),
	(68615, 'RIONEGRO', 205, NULL),
	(68655, 'SABANA DE TORRES', 205, NULL),
	(68669, 'SAN ANDRES', 205, NULL),
	(68673, 'SAN BENITO', 205, NULL),
	(68679, 'SAN GIL', 205, NULL),
	(68682, 'SAN JOAQUIN', 205, NULL),
	(68684, 'SAN JOSE DE MIRANDA', 205, NULL),
	(68686, 'SAN MIGUEL', 205, NULL),
	(68689, 'SAN VICENTE DE CHUCURI', 205, NULL),
	(68705, 'SANTA BARBARA', 205, NULL),
	(68720, 'SANTA HELENA DEL OPON', 205, NULL),
	(68745, 'SIMACOTA', 205, NULL),
	(68755, 'SOCORRO', 205, NULL),
	(68770, 'SUAITA', 205, NULL),
	(68773, 'SUCRE', 205, NULL),
	(68780, 'SURATA', 205, NULL),
	(68820, 'TONA', 205, NULL),
	(68855, 'VALLE DE SAN JOSE', 205, NULL),
	(68861, 'VELEZ', 205, NULL),
	(68867, 'VETAS', 205, NULL),
	(68872, 'VILLANUEVA', 205, NULL),
	(68895, 'ZAPATOCA', 205, NULL),
	(70000, 'CARACAS', 226, NULL),
	(70001, 'SINCELEJO', 205, NULL),
	(70110, 'BUENAVISTA', 205, NULL),
	(70124, 'CAIMITO', 205, NULL),
	(70204, 'COLOSO', 205, NULL),
	(70215, 'COROZAL', 205, NULL),
	(70221, 'COVE?AS', 205, NULL),
	(70230, 'CHALAN', 205, NULL),
	(70233, 'EL ROBLE', 205, NULL),
	(70235, 'GALERAS', 205, NULL),
	(70265, 'GUARANDA', 205, NULL),
	(70400, 'LA UNION', 205, NULL),
	(70418, 'LOS PALMITOS', 205, NULL),
	(70429, 'MAJAGUAL', 205, NULL),
	(70473, 'MORROA', 205, NULL),
	(70508, 'OVEJAS', 205, NULL),
	(70523, 'PALMITO', 205, NULL),
	(70670, 'SAMPUES', 205, NULL),
	(70678, 'SAN BENITO ABAD', 205, NULL),
	(70702, 'SAN JUAN DE BETULIA', 205, NULL),
	(70708, 'SAN MARCOS', 205, NULL),
	(70713, 'SAN ONOFRE', 205, NULL),
	(70717, 'SAN PEDRO', 205, NULL),
	(70742, 'SAN LUIS DE SINCE', 205, NULL),
	(70771, 'SUCRE', 205, NULL),
	(70820, 'SANTIAGO DE TOLU', 205, NULL),
	(70823, 'TOLU VIEJO', 205, NULL),
	(71000, 'MARACAIBO', 226, NULL),
	(72000, 'MERIDA', 226, NULL),
	(73001, 'IBAGUE', 205, NULL),
	(73024, 'ALPUJARRA', 205, NULL),
	(73026, 'ALVARADO', 205, NULL),
	(73030, 'AMBALEMA', 205, NULL),
	(73043, 'ANZOATEGUI', 205, NULL),
	(73055, 'ARMERO', 205, NULL),
	(73067, 'ATACO', 205, NULL),
	(73124, 'CAJAMARCA', 205, NULL),
	(73148, 'CARMEN DE APICALA', 205, NULL),
	(73152, 'CASABIANCA', 205, NULL),
	(73168, 'CHAPARRAL', 205, NULL),
	(73200, 'COELLO', 205, NULL),
	(73217, 'COYAIMA', 205, NULL),
	(73226, 'CUNDAY', 205, NULL),
	(73236, 'DOLORES', 205, NULL),
	(73268, 'ESPINAL', 205, NULL),
	(73270, 'FALAN', 205, NULL),
	(73275, 'FLANDES', 205, NULL),
	(73283, 'FRESNO', 205, NULL),
	(73319, 'GUAMO', 205, NULL),
	(73347, 'HERVEO', 205, NULL),
	(73349, 'HONDA', 205, NULL),
	(73352, 'ICONONZO', 205, NULL),
	(73408, 'LERIDA', 205, NULL),
	(73411, 'LIBANO', 205, NULL),
	(73443, 'MARIQUITA', 205, NULL),
	(73449, 'MELGAR', 205, NULL),
	(73461, 'MURILLO', 205, NULL),
	(73483, 'NATAGAIMA', 205, NULL),
	(73504, 'ORTEGA', 205, NULL),
	(73520, 'PALOCABILDO', 205, NULL),
	(73547, 'PIEDRAS', 205, NULL),
	(73555, 'PLANADAS', 205, NULL),
	(73563, 'PRADO', 205, NULL),
	(73585, 'PURIFICACION', 205, NULL),
	(73616, 'RIOBLANCO', 205, NULL),
	(73622, 'RONCESVALLES', 205, NULL),
	(73624, 'ROVIRA', 205, NULL),
	(73671, 'SALDA?A', 205, NULL),
	(73675, 'SAN ANTONIO', 205, NULL),
	(73678, 'SAN LUIS', 205, NULL),
	(73686, 'SANTA ISABEL', 205, NULL),
	(73770, 'SUAREZ', 205, NULL),
	(73854, 'VALLE DE SAN JUAN', 205, NULL),
	(73861, 'VENADILLO', 205, NULL),
	(73870, 'VILLAHERMOSA', 205, NULL),
	(73873, 'VILLARRICA', 205, NULL),
	(76001, 'CALI', 205, NULL),
	(76020, 'ALCALA', 205, NULL),
	(76036, 'ANDALUCIA', 205, NULL),
	(76041, 'ANSERMANUEVO', 205, NULL),
	(76054, 'ARGELIA', 205, NULL),
	(76100, 'BOLIVAR', 205, NULL),
	(76109, 'BUENAVENTURA', 205, NULL),
	(76111, 'GUADALAJARA DE BUGA', 205, NULL),
	(76113, 'BUGALAGRANDE', 205, NULL),
	(76122, 'CAICEDONIA', 205, NULL),
	(76126, 'CALIMA', 205, NULL),
	(76130, 'CANDELARIA', 205, NULL),
	(76147, 'CARTAGO', 205, NULL),
	(76233, 'DAGUA', 205, NULL),
	(76243, 'EL AGUILA', 205, NULL),
	(76246, 'EL CAIRO', 205, NULL),
	(76248, 'EL CERRITO', 205, NULL),
	(76250, 'EL DOVIO', 205, NULL),
	(76275, 'FLORIDA', 205, NULL),
	(76306, 'GINEBRA', 205, NULL),
	(76318, 'GUACARI', 205, NULL),
	(76364, 'JAMUNDI', 205, NULL),
	(76377, 'LA CUMBRE', 205, NULL),
	(76400, 'LA UNION', 205, NULL),
	(76403, 'LA VICTORIA', 205, NULL),
	(76497, 'OBANDO', 205, NULL),
	(76520, 'PALMIRA', 205, NULL),
	(76563, 'PRADERA', 205, NULL),
	(76606, 'RESTREPO', 205, NULL),
	(76616, 'RIOFRIO', 205, NULL),
	(76622, 'ROLDANILLO', 205, NULL),
	(76670, 'SAN PEDRO', 205, NULL),
	(76736, 'SEVILLA', 205, NULL),
	(76823, 'TORO', 205, NULL),
	(76828, 'TRUJILLO', 205, NULL),
	(76834, 'TULUA', 205, NULL),
	(76845, 'ULLOA', 205, NULL),
	(76863, 'VERSALLES', 205, NULL),
	(76869, 'VIJES', 205, NULL),
	(76890, 'YOTOCO', 205, NULL),
	(76892, 'YUMBO', 205, NULL),
	(76895, 'ZARZAL', 205, NULL),
	(81001, 'ARAUCA', 205, NULL),
	(81065, 'ARAUQUITA', 205, NULL),
	(81220, 'CRAVO NORTE', 205, NULL),
	(81300, 'FORTUL', 205, NULL),
	(81591, 'PUERTO RONDON', 205, NULL),
	(81736, 'SARAVENA', 205, NULL),
	(81794, 'TAME', 205, NULL),
	(85001, 'YOPAL', 205, NULL),
	(85010, 'AGUAZUL', 205, NULL),
	(85015, 'CHAMEZA', 205, NULL),
	(85125, 'HATO COROZAL', 205, NULL),
	(85136, 'LA SALINA', 205, NULL),
	(85139, 'MANI', 205, NULL),
	(85162, 'MONTERREY', 205, NULL),
	(85225, 'NUNCHIA', 205, NULL),
	(85230, 'OROCUE', 205, NULL),
	(85250, 'PAZ DE ARIPORO', 205, NULL),
	(85263, 'PORE', 205, NULL),
	(85279, 'RECETOR', 205, NULL),
	(85300, 'SABANALARGA', 205, NULL),
	(85315, 'SACAMA', 205, NULL),
	(85325, 'SAN LUIS DE PALENQUE', 205, NULL),
	(85400, 'TAMARA', 205, NULL),
	(85410, 'TAURAMENA', 205, NULL),
	(85430, 'TRINIDAD', 205, NULL),
	(85440, 'VILLANUEVA', 205, NULL),
	(86001, 'MOCOA', 205, NULL),
	(86219, 'COLON', 205, NULL),
	(86320, 'ORITO', 205, NULL),
	(86568, 'PUERTO ASIS', 205, NULL),
	(86569, 'PUERTO CAICEDO', 205, NULL),
	(86571, 'PUERTO GUZMAN', 205, NULL),
	(86573, 'LEGUIZAMO', 205, NULL),
	(86749, 'SIBUNDOY', 205, NULL),
	(86755, 'SAN FRANCISCO', 205, NULL),
	(86757, 'SAN MIGUEL', 205, NULL),
	(86760, 'SANTIAGO', 205, NULL),
	(86865, 'VALLE DEL GUAMUEZ', 205, NULL),
	(86885, 'VILLAGARZON', 205, NULL),
	(88001, 'SAN ANDRES', 205, NULL),
	(88564, 'PROVIDENCIA', 205, NULL),
	(91001, 'LETICIA', 205, NULL),
	(91263, 'EL ENCANTO', 205, NULL),
	(91405, 'LA CHORRERA', 205, NULL),
	(91407, 'LA PEDRERA', 205, NULL),
	(91430, 'LA VICTORIA', 205, NULL),
	(91460, 'MIRITI - PARANA', 205, NULL),
	(91530, 'PUERTO ALEGRIA', 205, NULL),
	(91536, 'PUERTO ARICA', 205, NULL),
	(91540, 'PUERTO NARI?O', 205, NULL),
	(91669, 'PUERTO SANTANDER', 205, NULL),
	(91798, 'TARAPACA', 205, NULL),
	(94001, 'INIRIDA', 205, NULL),
	(94343, 'BARRANCO MINAS', 205, NULL),
	(94663, 'MAPIRIPANA', 205, NULL),
	(94883, 'SAN FELIPE', 205, NULL),
	(94884, 'PUERTO COLOMBIA', 205, NULL),
	(94885, 'LA GUADALUPE', 205, NULL),
	(94886, 'CACAHUAL', 205, NULL),
	(94887, 'PANA PANA', 205, NULL),
	(94888, 'MORICHAL', 205, NULL),
	(95001, 'SAN JOSE DEL GUAVIARE', 205, NULL),
	(95015, 'CALAMAR', 205, NULL),
	(95025, 'EL RETORNO', 205, NULL),
	(95200, 'MIRAFLORES', 205, NULL),
	(97001, 'MITU', 205, NULL),
	(97161, 'CARURU', 205, NULL),
	(97511, 'PACOA', 205, NULL),
	(97666, 'TARAIRA', 205, NULL),
	(97777, 'PAPUNAUA', 205, NULL),
	(97889, 'YAVARATE', 205, NULL),
	(99001, 'PUERTO CARRE?O', 205, NULL),
	(99524, 'LA PRIMAVERA', 205, NULL),
	(99624, 'SANTA ROSALIA', 205, NULL),
	(99773, 'CUMARIBO', 205, NULL),
	(100000, 'Monterrey', 218, NULL),
	(100001, 'Guadalajara', 218, NULL);
/*!40000 ALTER TABLE `tb_ciudades` ENABLE KEYS */;

-- Volcando estructura para tabla db_proyectofarmacia.tb_clientes
CREATE TABLE IF NOT EXISTS `tb_clientes` (
  `id_cliente` int(25) NOT NULL,
  `nombre_cliente` varchar(50) COLLATE utf8_spanish2_ci NOT NULL,
  `apellido_cliente` varchar(50) COLLATE utf8_spanish2_ci NOT NULL,
  `direccion_cliente` varchar(50) COLLATE utf8_spanish2_ci NOT NULL,
  `telefono_cliente` varchar(50) COLLATE utf8_spanish2_ci NOT NULL,
  `id_pais` int(11) DEFAULT NULL,
  `id_ciudad` int(11) DEFAULT NULL,
  `email_cliente` varchar(50) COLLATE utf8_spanish2_ci DEFAULT NULL,
  `update_at` datetime DEFAULT NULL,
  PRIMARY KEY (`id_cliente`),
  KEY `id_ciudad` (`id_ciudad`),
  KEY `id_pais` (`id_pais`),
  CONSTRAINT `fk_clientes-ciudades` FOREIGN KEY (`id_ciudad`) REFERENCES `tb_ciudades` (`id_ciudad`),
  CONSTRAINT `fk_clientes-paises` FOREIGN KEY (`id_pais`) REFERENCES `tb_paises` (`id_pais`)
) ENGINE=InnoDB DEFAULT CHARSET=utf8 COLLATE=utf8_spanish2_ci;

-- Volcando datos para la tabla db_proyectofarmacia.tb_clientes: ~5 rows (aproximadamente)
/*!40000 ALTER TABLE `tb_clientes` DISABLE KEYS */;
INSERT INTO `tb_clientes` (`id_cliente`, `nombre_cliente`, `apellido_cliente`, `direccion_cliente`, `telefono_cliente`, `id_pais`, `id_ciudad`, `email_cliente`, `update_at`) VALUES
	(30144198, 'Jennifer', 'Ruiz Rodriguez', 'Cra 97 # 45 - 57', '3024605529', 205, 76001, 'Jenniferruiz@gmail.com', '2019-07-08 23:44:34'),
	(30456789, 'Carlos Alberto', 'Erazo Torres', 'Ave 45 # 40 - 85', '3005891436', 205, 68162, 'dsalazar@gmail.com', '0000-00-00 00:00:00'),
	(30471589, 'Vicente', 'Fernandez', 'Ave 100 # 15 - 87', '3007892546', 218, 100000, 'vicentico55@gmail.com', NULL),
	(31862723, 'Evelyn', 'Rodriguez Obando', 'Cra 97 # 45 - 57', '3966446', 205, 76001, 'evelyn35@hotmail.com', '0000-00-00 00:00:00');
/*!40000 ALTER TABLE `tb_clientes` ENABLE KEYS */;

-- Volcando estructura para tabla db_proyectofarmacia.tb_empleados
CREATE TABLE IF NOT EXISTS `tb_empleados` (
  `id_empleado` int(25) NOT NULL,
  `nombre_empleado` varchar(50) COLLATE utf8_spanish2_ci NOT NULL,
  `apellido_empleado` varchar(50) COLLATE utf8_spanish2_ci NOT NULL,
  `cargo_empleado` varchar(50) COLLATE utf8_spanish2_ci NOT NULL,
  `id_pais` int(11) DEFAULT NULL,
  `id_ciudad` int(11) DEFAULT NULL,
  `direccion_empleado` varchar(50) COLLATE utf8_spanish2_ci NOT NULL,
  `telefono_empleado` varchar(50) COLLATE utf8_spanish2_ci NOT NULL,
  `email_empleado` varchar(50) COLLATE utf8_spanish2_ci NOT NULL,
  `id_farmacia` int(11) DEFAULT NULL,
  `update_at` datetime DEFAULT NULL,
  PRIMARY KEY (`id_empleado`),
  KEY `id_pais` (`id_pais`),
  KEY `id_ciudad` (`id_ciudad`),
  KEY `id_farmacia` (`id_farmacia`),
  CONSTRAINT `fk_empleados-ciudades` FOREIGN KEY (`id_ciudad`) REFERENCES `tb_ciudades` (`id_ciudad`),
  CONSTRAINT `fk_empleados-farmacias` FOREIGN KEY (`id_farmacia`) REFERENCES `tb_farmacias` (`id_farmacia`),
  CONSTRAINT `fk_empleados-paises` FOREIGN KEY (`id_pais`) REFERENCES `tb_paises` (`id_pais`)
) ENGINE=InnoDB DEFAULT CHARSET=utf8 COLLATE=utf8_spanish2_ci;

-- Volcando datos para la tabla db_proyectofarmacia.tb_empleados: ~4 rows (aproximadamente)
/*!40000 ALTER TABLE `tb_empleados` DISABLE KEYS */;
INSERT INTO `tb_empleados` (`id_empleado`, `nombre_empleado`, `apellido_empleado`, `cargo_empleado`, `id_pais`, `id_ciudad`, `direccion_empleado`, `telefono_empleado`, `email_empleado`, `id_farmacia`, `update_at`) VALUES
	(31856789, 'Yovani', 'Romo', 'Sensei', 205, 76001, 'Cra 55 # 45 - 12', '3104567895', 'yovani@hotmail.com', 2, NULL),
	(1144198853, 'Miguel Angel', 'Cerquera Rodriguez', 'Gerente', 205, 76001, 'Cra 97 # 45 - 57', '3137030828', 'cerquera199627@hotmail.com', 2, NULL),
	(1144198854, 'Daniel Alberto', 'Salazar Erazo', 'Analista de sistemas', 205, 76001, 'Cra 98 # 45 - 42', '3113024569', 'dsalazar1982@gmail.com', 2, NULL);
/*!40000 ALTER TABLE `tb_empleados` ENABLE KEYS */;

-- Volcando estructura para tabla db_proyectofarmacia.tb_estados
CREATE TABLE IF NOT EXISTS `tb_estados` (
  `id_estado` int(11) NOT NULL,
  `nombre_estado` varchar(50) COLLATE utf8_spanish2_ci NOT NULL,
  PRIMARY KEY (`id_estado`)
) ENGINE=InnoDB DEFAULT CHARSET=utf8 COLLATE=utf8_spanish2_ci;

-- Volcando datos para la tabla db_proyectofarmacia.tb_estados: ~2 rows (aproximadamente)
/*!40000 ALTER TABLE `tb_estados` DISABLE KEYS */;
INSERT INTO `tb_estados` (`id_estado`, `nombre_estado`) VALUES
	(1, 'activo'),
	(2, 'bloqueado');
/*!40000 ALTER TABLE `tb_estados` ENABLE KEYS */;

-- Volcando estructura para tabla db_proyectofarmacia.tb_facturas
CREATE TABLE IF NOT EXISTS `tb_facturas` (
  `id_factura` int(11) NOT NULL AUTO_INCREMENT,
  `id_cliente` int(25),
  `id_empleado` int(11),
  `fecha_factura` datetime NOT NULL,
  `iva_factura` int(11) NOT NULL,
  `valor_factura` int(11) NOT NULL,
  `neto_factura` int(11) NOT NULL,
  `estado_factura` int(11) NOT NULL,
  PRIMARY KEY (`id_factura`),
  KEY `id_cliente` (`id_cliente`),
  KEY `id_empleado` (`id_empleado`),
  CONSTRAINT `fk_facturas-clientes` FOREIGN KEY (`id_cliente`) REFERENCES `tb_clientes` (`id_cliente`),
  CONSTRAINT `fk_facturas-empleados` FOREIGN KEY (`id_empleado`) REFERENCES `tb_empleados` (`id_empleado`)
) ENGINE=InnoDB AUTO_INCREMENT=6 DEFAULT CHARSET=utf8 COLLATE=utf8_spanish2_ci;

-- Volcando datos para la tabla db_proyectofarmacia.tb_facturas: ~0 rows (aproximadamente)
/*!40000 ALTER TABLE `tb_facturas` DISABLE KEYS */;
/*!40000 ALTER TABLE `tb_facturas` ENABLE KEYS */;

-- Volcando estructura para tabla db_proyectofarmacia.tb_farmacias
CREATE TABLE IF NOT EXISTS `tb_farmacias` (
  `id_farmacia` int(11) NOT NULL AUTO_INCREMENT,
  `nombre_farmacia` varchar(50) COLLATE utf8_spanish2_ci NOT NULL DEFAULT '',
  `direccion_farmacia` varchar(50) COLLATE utf8_spanish2_ci NOT NULL DEFAULT '',
  `telefono_farmacia` varchar(50) COLLATE utf8_spanish2_ci NOT NULL DEFAULT '',
  `id_pais` int(11) DEFAULT NULL,
  `id_ciudad` int(11) DEFAULT NULL,
  `id_propietario` int(11) DEFAULT NULL,
  `id_usuario` int(11) DEFAULT NULL,
  PRIMARY KEY (`id_farmacia`),
  KEY `id_ciudad` (`id_ciudad`),
  KEY `id_propietario` (`id_propietario`),
  KEY `id_usuario` (`id_usuario`),
  KEY `id_pais` (`id_pais`),
  CONSTRAINT `fk_farmacias-ciudades` FOREIGN KEY (`id_ciudad`) REFERENCES `tb_ciudades` (`id_ciudad`),
  CONSTRAINT `fk_farmacias-paises` FOREIGN KEY (`id_pais`) REFERENCES `tb_paises` (`id_pais`),
  CONSTRAINT `fk_farmacias-propietarios` FOREIGN KEY (`id_propietario`) REFERENCES `tb_propietarios` (`id_propietario`),
  CONSTRAINT `fk_farmacias-usuarios` FOREIGN KEY (`id_usuario`) REFERENCES `tb_usuarios` (`id_usuario`)
) ENGINE=InnoDB AUTO_INCREMENT=3 DEFAULT CHARSET=utf8 COLLATE=utf8_spanish2_ci;

-- Volcando datos para la tabla db_proyectofarmacia.tb_farmacias: ~0 rows (aproximadamente)
/*!40000 ALTER TABLE `tb_farmacias` DISABLE KEYS */;
INSERT INTO `tb_farmacias` (`id_farmacia`, `nombre_farmacia`, `direccion_farmacia`, `telefono_farmacia`, `id_pais`, `id_ciudad`, `id_propietario`, `id_usuario`) VALUES
	(2, 'Multifarma la 97', 'cra 97 # 55 - 89', '3964778', 205, 76001, 30456789, 1);
/*!40000 ALTER TABLE `tb_farmacias` ENABLE KEYS */;

-- Volcando estructura para tabla db_proyectofarmacia.tb_formaspago
CREATE TABLE IF NOT EXISTS `tb_formaspago` (
  `id_formapago` int(11) NOT NULL,
  `nombre_formapago` varchar(50) COLLATE utf8_spanish2_ci NOT NULL,
  PRIMARY KEY (`id_formapago`)
) ENGINE=InnoDB DEFAULT CHARSET=utf8 COLLATE=utf8_spanish2_ci;

-- Volcando datos para la tabla db_proyectofarmacia.tb_formaspago: ~3 rows (aproximadamente)
/*!40000 ALTER TABLE `tb_formaspago` DISABLE KEYS */;
INSERT INTO `tb_formaspago` (`id_formapago`, `nombre_formapago`) VALUES
	(1, 'efectivo'),
	(2, 'tarjeta debito'),
	(3, 'tarjeta credito');
/*!40000 ALTER TABLE `tb_formaspago` ENABLE KEYS */;

-- Volcando estructura para tabla db_proyectofarmacia.tb_inventario
CREATE TABLE IF NOT EXISTS `tb_inventario` (
  `id_farmacia` int(11) NOT NULL,
  `id_producto` int(11) NOT NULL,
  `entradas` int(11) NOT NULL,
  `salidas` int(11) NOT NULL,
  `stock` int(11) NOT NULL,
  `valor_unitario` int(11) NOT NULL,
  `valor_venta` int(11) NOT NULL,
  `fecha_registro` date NOT NULL,
  PRIMARY KEY (`id_farmacia`,`id_producto`),
  KEY `id_producto` (`id_producto`),
  CONSTRAINT `tb_inventario_ibfk_1` FOREIGN KEY (`id_farmacia`) REFERENCES `tb_farmacias` (`id_farmacia`),
  CONSTRAINT `tb_inventario_ibfk_2` FOREIGN KEY (`id_producto`) REFERENCES `tb_productos` (`id_producto`)
) ENGINE=InnoDB DEFAULT CHARSET=utf8 COLLATE=utf8_spanish2_ci;

-- Volcando datos para la tabla db_proyectofarmacia.tb_inventario: ~2 rows (aproximadamente)
/*!40000 ALTER TABLE `tb_inventario` DISABLE KEYS */;
INSERT INTO `tb_inventario` (`id_farmacia`, `id_producto`, `entradas`, `salidas`, `stock`, `valor_unitario`, `valor_venta`, `fecha_registro`) VALUES
	(2, 8, 50, 0, 50, 2500, 3000, '2019-06-23'),
	(2, 9, 50, 0, 50, 3000, 3500, '2019-06-23'),
	(2, 12, 50, 0, 50, 1500, 2000, '2019-06-23'),
	(2, 13, 50, 0, 50, 2000, 3000, '2019-06-26');
/*!40000 ALTER TABLE `tb_inventario` ENABLE KEYS */;

-- Volcando estructura para tabla db_proyectofarmacia.tb_logs
CREATE TABLE IF NOT EXISTS `tb_logs` (
  `id_log` int(11) NOT NULL AUTO_INCREMENT,
  `id_usuario` int(11) NOT NULL,
  `fecha_ingreso` datetime NOT NULL,
  `fecha_salida` datetime NOT NULL,
  PRIMARY KEY (`id_log`),
  KEY `id_usuario` (`id_usuario`),
  CONSTRAINT `fk_logs-usuarios` FOREIGN KEY (`id_usuario`) REFERENCES `tb_usuarios` (`id_usuario`)
) ENGINE=InnoDB DEFAULT CHARSET=utf8 COLLATE=utf8_spanish2_ci;

-- Volcando datos para la tabla db_proyectofarmacia.tb_logs: ~0 rows (aproximadamente)
/*!40000 ALTER TABLE `tb_logs` DISABLE KEYS */;
/*!40000 ALTER TABLE `tb_logs` ENABLE KEYS */;

-- Volcando estructura para tabla db_proyectofarmacia.tb_movimientosfacturas
CREATE TABLE IF NOT EXISTS `tb_movimientosfacturas` (
  `id_factura` int(11) NOT NULL,
  `id_producto` int(11) NOT NULL,
  `cantidad` int(11) NOT NULL,
  `precio` int(11) NOT NULL,
  `total` int(11) NOT NULL,
  PRIMARY KEY (`id_factura`,`id_producto`),
  KEY `fk_movimientosfacturas-productos` (`id_producto`),
  CONSTRAINT `fk_movimientosfacturas-facturas` FOREIGN KEY (`id_factura`) REFERENCES `tb_facturas` (`id_factura`),
  CONSTRAINT `fk_movimientosfacturas-productos` FOREIGN KEY (`id_producto`) REFERENCES `tb_productos` (`id_producto`)
) ENGINE=InnoDB DEFAULT CHARSET=utf8 COLLATE=utf8_spanish2_ci;

-- Volcando datos para la tabla db_proyectofarmacia.tb_movimientosfacturas: ~0 rows (aproximadamente)
/*!40000 ALTER TABLE `tb_movimientosfacturas` DISABLE KEYS */;
/*!40000 ALTER TABLE `tb_movimientosfacturas` ENABLE KEYS */;

-- Volcando estructura para tabla db_proyectofarmacia.tb_nominas
CREATE TABLE IF NOT EXISTS `tb_nominas` (
  `id_nomina` int(11) NOT NULL AUTO_INCREMENT,
  `id_empleado` int(25) DEFAULT NULL,
  `fecha` date NOT NULL,
  `salario_basico` int(11) NOT NULL,
  `hextrasd` int(11) NOT NULL,
  `hextrasn` int(11) NOT NULL,
  `auxilio_transporte` int(11) NOT NULL,
  `valor_hextrad` int(11) NOT NULL,
  `valor_hextran` int(11) NOT NULL,
  `dias_laborados` int(11) NOT NULL,
  `salario_devengado` int(11) NOT NULL,
  `pension` int(11) NOT NULL,
  `salud` int(11) NOT NULL,
  `salario_neto` int(11) NOT NULL,
  PRIMARY KEY (`id_nomina`),
  KEY `id_empleado` (`id_empleado`),
  CONSTRAINT `fk_nominas-empleados` FOREIGN KEY (`id_empleado`) REFERENCES `tb_empleados` (`id_empleado`)
) ENGINE=InnoDB DEFAULT CHARSET=utf8 COLLATE=utf8_spanish2_ci;

-- Volcando datos para la tabla db_proyectofarmacia.tb_nominas: ~0 rows (aproximadamente)
/*!40000 ALTER TABLE `tb_nominas` DISABLE KEYS */;
/*!40000 ALTER TABLE `tb_nominas` ENABLE KEYS */;

-- Volcando estructura para tabla db_proyectofarmacia.tb_ofertas
CREATE TABLE IF NOT EXISTS `tb_ofertas` (
  `id_oferta` int(11) NOT NULL AUTO_INCREMENT,
  `porce_descuento` double NOT NULL,
  `descuento` double NOT NULL,
  `valor_venta_oferta` int(11) NOT NULL,
  `fecha_inicio` datetime NOT NULL,
  `fecha_fin` datetime NOT NULL,
  PRIMARY KEY (`id_oferta`)
) ENGINE=InnoDB DEFAULT CHARSET=utf8 COLLATE=utf8_spanish2_ci;

-- Volcando datos para la tabla db_proyectofarmacia.tb_ofertas: ~0 rows (aproximadamente)
/*!40000 ALTER TABLE `tb_ofertas` DISABLE KEYS */;
/*!40000 ALTER TABLE `tb_ofertas` ENABLE KEYS */;

-- Volcando estructura para tabla db_proyectofarmacia.tb_paises
CREATE TABLE IF NOT EXISTS `tb_paises` (
  `id_pais` int(11) NOT NULL,
  `abreviatura_pais` varchar(50) COLLATE utf8_spanish2_ci NOT NULL,
  `nombre_pais` varchar(50) COLLATE utf8_spanish2_ci NOT NULL,
  PRIMARY KEY (`id_pais`)
) ENGINE=InnoDB DEFAULT CHARSET=utf8 COLLATE=utf8_spanish2_ci;

-- Volcando datos para la tabla db_proyectofarmacia.tb_paises: ~199 rows (aproximadamente)
/*!40000 ALTER TABLE `tb_paises` DISABLE KEYS */;
INSERT INTO `tb_paises` (`id_pais`, `abreviatura_pais`, `nombre_pais`) VALUES
	(101, 'BFA', 'Burkina Faso'),
	(102, 'DZA', 'Argelia'),
	(103, 'BWA', 'Botswana'),
	(104, 'BDI', 'Burundi'),
	(105, 'CMR', 'Camerun'),
	(107, 'CAF', 'Republica Centroafricana'),
	(108, 'COG', 'Congo'),
	(109, 'COD', 'Republica Democratica del Congo'),
	(111, 'TCD', 'Chad'),
	(112, 'BEN', 'Benin'),
	(113, 'EGY', 'Egipto'),
	(115, 'GAB', 'Gabon'),
	(116, 'GMB', 'Gambia'),
	(117, 'GHA', 'Ghana'),
	(118, 'GIN', 'Guinea'),
	(119, 'GNQ', 'Guinea Ecuatorial'),
	(120, 'KEN', 'Kenya'),
	(121, 'LSO', 'Lesotho'),
	(122, 'LBR', 'Liberia'),
	(123, 'LBY', 'Libia'),
	(124, 'MDG', 'Madagascar'),
	(125, 'MWI', 'Malawi'),
	(126, 'MLI', 'Mali'),
	(127, 'MAR', 'Marruecos'),
	(128, 'MUS', 'Mauricio'),
	(129, 'MRT', 'Mauritania'),
	(130, 'NER', 'Niger'),
	(131, 'NGA', 'Nigeria'),
	(132, 'ZWE', 'Zimbabwe'),
	(133, 'RWA', 'Rwanda'),
	(134, 'SEN', 'Senegal'),
	(135, 'SLE', 'Sierra Leona'),
	(136, 'SOM', 'Somalia'),
	(137, 'SWZ', 'Swazilandia'),
	(139, 'TZA', 'Tanzania'),
	(140, 'TGO', 'Togo'),
	(141, 'TUN', 'Tunez'),
	(142, 'UGA', 'Uganda'),
	(144, 'ZMB', 'Zambia'),
	(149, 'AGO', 'Angola'),
	(150, 'CPV', 'Cabo Verde'),
	(151, 'MOZ', 'Mozambique'),
	(152, 'SYC', 'Seychelles'),
	(153, 'DJI', 'Djibouti'),
	(155, 'COM', 'Comoras'),
	(156, 'GNB', 'Guinea Bissau'),
	(157, 'STP', 'Santo Tome y Principe'),
	(158, 'NAM', 'Namibia'),
	(159, 'ZAF', 'Sudafrica'),
	(160, 'ERI', 'Eritrea'),
	(161, 'ETH', 'Etiopia'),
	(162, 'SDN', 'Sudan'),
	(163, 'SSD', 'Sudan del Sur'),
	(200, 'ARG', 'Argentina'),
	(201, 'BRB', 'Barbados'),
	(202, 'BOL', 'Bolivia'),
	(203, 'BRA', 'Brasil'),
	(204, 'CAN', 'Canada'),
	(205, 'COL', 'Colombia'),
	(206, 'CRI', 'Costa Rica'),
	(207, 'CUB', 'Cuba'),
	(208, 'CHL', 'Chile'),
	(209, 'DOM', 'Republica Dominicana'),
	(210, 'ECU', 'Ecuador'),
	(211, 'SLV', 'El Salvador'),
	(212, 'USA', 'Estados Unidos'),
	(213, 'GTM', 'Guatemala'),
	(214, 'GUY', 'Guyana'),
	(215, 'HTI', 'Haiti'),
	(216, 'HND', 'Honduras'),
	(217, 'JAM', 'Jamaica'),
	(218, 'MEX', 'Mexico'),
	(219, 'NIC', 'Nicaragua'),
	(220, 'PAN', 'Panama'),
	(221, 'PRY', 'Paraguay'),
	(222, 'PER', 'Peru'),
	(223, 'PRI', 'Puerto Rico'),
	(224, 'TTO', 'Trinidad y Tobago'),
	(225, 'URY', 'Uruguay'),
	(226, 'VEN', 'Venezuela'),
	(232, 'SUR', 'Suriname'),
	(233, 'DMA', 'Dominica'),
	(234, 'LCA', 'Santa Lucia'),
	(235, 'VCT', 'San Vicente y Las Granadinas'),
	(236, 'BLZ', 'Belice'),
	(237, 'ATG', 'Antigua y Barbuda'),
	(238, 'KNA', 'San Cristobal y Nevis'),
	(239, 'BHS', 'Bahamas'),
	(240, 'GRD', 'Granada'),
	(241, 'ANT', 'Antillas Holandesas'),
	(242, 'ABW', 'Aruba'),
	(301, 'AFG', 'Afganistan'),
	(302, 'SAU', 'Arabia Saudita'),
	(303, 'BHR', 'Bahrein'),
	(304, 'MMR', 'Myanmar'),
	(305, 'BTN', 'Bhutan'),
	(306, 'KHM', 'Camboya'),
	(307, 'LKA', 'Sri Lanka'),
	(308, 'PRK', 'Corea Democratica y Popular'),
	(309, 'KOR', 'Corea'),
	(310, 'CHN', 'China'),
	(312, 'PHL', 'Filipinas'),
	(313, 'TWN', 'Taiwan'),
	(315, 'IND', 'India'),
	(316, 'IDN', 'Indonesia'),
	(317, 'IRQ', 'Iraq'),
	(318, 'IRN', 'Iran'),
	(319, 'ISR', 'Israel'),
	(320, 'JPN', 'Japon'),
	(321, 'JOR', 'Jordania'),
	(322, 'QAT', 'Qatar'),
	(323, 'KWT', 'Kuwait'),
	(324, 'LAO', 'Laos'),
	(325, 'LBN', 'Libano'),
	(326, 'MYS', 'Malasia'),
	(327, 'MDV', 'Maldivas'),
	(328, 'OMN', 'Oman'),
	(329, 'MNG', 'Mongolia'),
	(330, 'NPL', 'Nepal'),
	(331, 'ARE', 'Emiratos Arabes Unidos'),
	(332, 'PAK', 'Pakistan'),
	(333, 'SGP', 'Singapur'),
	(334, 'SYR', 'Siria'),
	(335, 'THA', 'Tailandia'),
	(337, 'VNM', 'Viet Nam'),
	(345, 'BGD', 'Bangladesh'),
	(346, 'BRN', 'Brunei'),
	(348, 'YEM', 'Yemen'),
	(349, 'ARM', 'Armenia'),
	(350, 'AZE', 'Azerbaiyan'),
	(351, 'GEO', 'Georgia'),
	(352, 'KAZ', 'Kazajstan'),
	(353, 'KGZ', 'Kirguistan'),
	(354, 'TJK', 'Tayikistan'),
	(355, 'TKM', 'Turkmenistan'),
	(356, 'UZB', 'Uzbekistan'),
	(357, 'PSE', 'Palestina'),
	(358, 'TLS', 'Timor Leste'),
	(401, 'ALB', 'Albania'),
	(404, 'AND', 'Andorra'),
	(405, 'AUT', 'Austria'),
	(406, 'BEL', 'Balgica'),
	(407, 'BGR', 'Bulgaria'),
	(409, 'DNK', 'Dinamarca'),
	(410, 'ESP', 'Espana'),
	(411, 'FIN', 'Finlandia'),
	(412, 'FRA', 'Francia'),
	(413, 'GRC', 'Grecia'),
	(414, 'HUN', 'Hungria'),
	(415, 'IRL', 'Irlanda'),
	(416, 'ISL', 'Islandia'),
	(417, 'ITA', 'Italia'),
	(418, 'LIE', 'Liechtenstein'),
	(419, 'LUX', 'Luxemburgo'),
	(420, 'MLT', 'Malta'),
	(421, 'MCO', 'Monaco'),
	(422, 'NOR', 'Noruega'),
	(423, 'NLD', 'Paises Bajos'),
	(424, 'POL', 'Polonia'),
	(425, 'PRT', 'Portugal'),
	(426, 'GBR', 'Reino Unido de Gran Bretana e Irlanda del Norte'),
	(427, 'ROU', 'Rumania'),
	(428, 'SMR', 'San Marino'),
	(429, 'SWE', 'Suecia'),
	(430, 'CHE', 'Suiza'),
	(431, 'VAT', 'Vaticano'),
	(435, 'CYP', 'Chipre'),
	(436, 'TUR', 'Turquia'),
	(438, 'DEU', 'Alemania'),
	(439, 'BLR', 'Belarus'),
	(440, 'EST', 'Estonia'),
	(441, 'LVA', 'Letonia'),
	(442, 'LTU', 'Lituania'),
	(443, 'MDA', 'Moldova'),
	(444, 'RUS', 'Rusia'),
	(445, 'UKR', 'Ucrania'),
	(446, 'BIH', 'Bosnia y Herzegovina'),
	(447, 'HRV', 'Croacia'),
	(448, 'SVK', 'Eslovaquia'),
	(449, 'SVN', 'Eslovenia'),
	(450, 'MKD', 'Macedonia'),
	(451, 'CZE', 'Republica Checa'),
	(453, 'MNE', 'Montenegro'),
	(454, 'SRB', 'Serbia'),
	(501, 'AUS', 'Australia'),
	(503, 'NRU', 'Nauru'),
	(504, 'NZL', 'Nueva Zelandia'),
	(505, 'VUT', 'Vanuatu'),
	(506, 'WSM', 'Samoa'),
	(512, 'FJI', 'Fiji'),
	(513, 'PNG', 'Papua Nueva Guinea'),
	(514, 'KIR', 'Kiribati'),
	(515, 'FSM', 'Micronesia'),
	(516, 'PLW', 'Palau'),
	(517, 'TUV', 'Tuvalu'),
	(518, 'SLB', 'Islas Salomon'),
	(519, 'TON', 'Tonga'),
	(520, 'MHL', 'Islas Marshall'),
	(521, 'MNP', 'Islas Marianas');
/*!40000 ALTER TABLE `tb_paises` ENABLE KEYS */;

-- Volcando estructura para tabla db_proyectofarmacia.tb_presentaciones
CREATE TABLE IF NOT EXISTS `tb_presentaciones` (
  `id_presentacion` int(11) NOT NULL,
  `nombre_presentacion` varchar(50) COLLATE utf8_spanish2_ci NOT NULL,
  PRIMARY KEY (`id_presentacion`)
) ENGINE=InnoDB DEFAULT CHARSET=utf8 COLLATE=utf8_spanish2_ci;

-- Volcando datos para la tabla db_proyectofarmacia.tb_presentaciones: ~6 rows (aproximadamente)
/*!40000 ALTER TABLE `tb_presentaciones` DISABLE KEYS */;
INSERT INTO `tb_presentaciones` (`id_presentacion`, `nombre_presentacion`) VALUES
	(1, 'TABLETA'),
	(2, 'JARABE'),
	(3, 'CREMA'),
	(4, 'SUSPENSION'),
	(5, 'CAPSULAS'),
	(6, 'GOTAS');
/*!40000 ALTER TABLE `tb_presentaciones` ENABLE KEYS */;

-- Volcando estructura para tabla db_proyectofarmacia.tb_productos
CREATE TABLE IF NOT EXISTS `tb_productos` (
  `id_producto` int(11) NOT NULL AUTO_INCREMENT,
  `nombre_producto` varchar(50) COLLATE utf8_spanish2_ci NOT NULL,
  `foto_producto` blob NOT NULL,
  `id_presentacion` int(11) DEFAULT NULL,
  `id_proveedor` int(11) DEFAULT NULL,
  `update_at` datetime NOT NULL,
  PRIMARY KEY (`id_producto`),
  KEY `id_presentacion` (`id_presentacion`),
  KEY `id_proveedor` (`id_proveedor`),
  CONSTRAINT `fk_productos-presentaciones` FOREIGN KEY (`id_presentacion`) REFERENCES `tb_presentaciones` (`id_presentacion`),
  CONSTRAINT `fk_productos-proveedores` FOREIGN KEY (`id_proveedor`) REFERENCES `tb_proveedores` (`id_proveedor`)
) ENGINE=InnoDB AUTO_INCREMENT=14 DEFAULT CHARSET=utf8 COLLATE=utf8_spanish2_ci;

-- Volcando datos para la tabla db_proyectofarmacia.tb_productos: ~2 rows (aproximadamente)
/*!40000 ALTER TABLE `tb_productos` DISABLE KEYS */;
INSERT INTO `tb_productos` (`id_producto`, `nombre_producto`, `foto_producto`, `id_presentacion`, `id_proveedor`, `update_at`) VALUES
	(8, 'Acetaminofen', _binary 0x61636574616D696E6F66656E2E6A7067, 2, 1, '2019-06-22 14:30:31'),
	(9, 'Dolex', _binary 0x446F6C65782E706E67, 1, 2, '2019-06-22 13:44:24'),
	(12, 'Ibuprofeno', _binary 0x49627570726F66656E6F2E6A7067, 1, 3, '2019-06-22 14:31:27'),
	(13, 'Loratadina', _binary 0x4C6F7261746164696E612E6A7067, 1, 3, '2019-06-26 12:20:29');
/*!40000 ALTER TABLE `tb_productos` ENABLE KEYS */;

-- Volcando estructura para tabla db_proyectofarmacia.tb_propietarios
CREATE TABLE IF NOT EXISTS `tb_propietarios` (
  `id_propietario` int(11) NOT NULL,
  `nombre_propietario` varchar(50) COLLATE utf8_spanish2_ci NOT NULL,
  `apellido_propietario` varchar(50) COLLATE utf8_spanish2_ci NOT NULL,
  `direccion_propietario` varchar(50) COLLATE utf8_spanish2_ci NOT NULL,
  `telefono_propietario` varchar(50) COLLATE utf8_spanish2_ci NOT NULL,
  PRIMARY KEY (`id_propietario`)
) ENGINE=InnoDB DEFAULT CHARSET=utf8 COLLATE=utf8_spanish2_ci;

-- Volcando datos para la tabla db_proyectofarmacia.tb_propietarios: ~0 rows (aproximadamente)
/*!40000 ALTER TABLE `tb_propietarios` DISABLE KEYS */;
INSERT INTO `tb_propietarios` (`id_propietario`, `nombre_propietario`, `apellido_propietario`, `direccion_propietario`, `telefono_propietario`) VALUES
	(30456789, 'Andres', 'Fernandez', 'Ave 45 # 75 - 47', '3104567896');
/*!40000 ALTER TABLE `tb_propietarios` ENABLE KEYS */;

-- Volcando estructura para tabla db_proyectofarmacia.tb_proveedores
CREATE TABLE IF NOT EXISTS `tb_proveedores` (
  `id_proveedor` int(11) NOT NULL AUTO_INCREMENT,
  `nombre_proveedor` varchar(50) COLLATE utf8_spanish2_ci NOT NULL,
  `direccion_proveedor` varchar(50) COLLATE utf8_spanish2_ci NOT NULL,
  `telefono_proveedor` varchar(50) COLLATE utf8_spanish2_ci NOT NULL,
  `id_pais` int(11) DEFAULT NULL,
  `id_ciudad` int(11) DEFAULT NULL,
  PRIMARY KEY (`id_proveedor`),
  KEY `id_pais` (`id_pais`),
  KEY `id_ciudad` (`id_ciudad`),
  CONSTRAINT `fk_proveedores-ciudades` FOREIGN KEY (`id_ciudad`) REFERENCES `tb_ciudades` (`id_ciudad`),
  CONSTRAINT `fk_proveedores-paises` FOREIGN KEY (`id_pais`) REFERENCES `tb_paises` (`id_pais`)
) ENGINE=InnoDB AUTO_INCREMENT=4 DEFAULT CHARSET=utf8 COLLATE=utf8_spanish2_ci;

-- Volcando datos para la tabla db_proyectofarmacia.tb_proveedores: ~2 rows (aproximadamente)
/*!40000 ALTER TABLE `tb_proveedores` DISABLE KEYS */;
INSERT INTO `tb_proveedores` (`id_proveedor`, `nombre_proveedor`, `direccion_proveedor`, `telefono_proveedor`, `id_pais`, `id_ciudad`) VALUES
	(1, 'MK', 'Cra 100 # 45 - 125', '3589669', 205, 76001),
	(2, 'GSK', 'cra 88 # 15 - 78', '4589636', 205, 76001),
	(3, 'Laboratorio chile', 'Cra 50 # 45 - 57', '3117035889', 205, 68013);
/*!40000 ALTER TABLE `tb_proveedores` ENABLE KEYS */;

-- Volcando estructura para tabla db_proyectofarmacia.tb_roles
CREATE TABLE IF NOT EXISTS `tb_roles` (
  `id_rol` int(11) NOT NULL AUTO_INCREMENT,
  `nombre_rol` varchar(50) COLLATE utf8_spanish2_ci NOT NULL,
  `update_at` datetime NOT NULL,
  PRIMARY KEY (`id_rol`)
) ENGINE=InnoDB AUTO_INCREMENT=4 DEFAULT CHARSET=utf8 COLLATE=utf8_spanish2_ci;

-- Volcando datos para la tabla db_proyectofarmacia.tb_roles: ~3 rows (aproximadamente)
/*!40000 ALTER TABLE `tb_roles` DISABLE KEYS */;
INSERT INTO `tb_roles` (`id_rol`, `nombre_rol`, `update_at`) VALUES
	(1, 'Administrador del sistema', '2019-05-22 00:43:31'),
	(2, 'Administrador de farmacia', '2019-05-22 00:47:29'),
	(3, 'Invitado', '2019-06-26 12:48:54');
/*!40000 ALTER TABLE `tb_roles` ENABLE KEYS */;

-- Volcando estructura para tabla db_proyectofarmacia.tb_rolesxpermisos
CREATE TABLE IF NOT EXISTS `tb_rolesxpermisos` (
  `id_rolxpermiso` int(50) NOT NULL AUTO_INCREMENT,
  `id_rol` int(11) DEFAULT '0',
  `modulo_rolxpermiso` int(11) NOT NULL,
  `estado_rolxpermiso` int(11) NOT NULL,
  PRIMARY KEY (`id_rolxpermiso`),
  KEY `id_rol` (`id_rol`),
  CONSTRAINT `fk_rolesxpermisos-roles` FOREIGN KEY (`id_rol`) REFERENCES `tb_roles` (`id_rol`)
) ENGINE=InnoDB AUTO_INCREMENT=55 DEFAULT CHARSET=utf8 COLLATE=utf8_spanish2_ci;

-- Volcando datos para la tabla db_proyectofarmacia.tb_rolesxpermisos: ~54 rows (aproximadamente)
/*!40000 ALTER TABLE `tb_rolesxpermisos` DISABLE KEYS */;
INSERT INTO `tb_rolesxpermisos` (`id_rolxpermiso`, `id_rol`, `modulo_rolxpermiso`, `estado_rolxpermiso`) VALUES
	(1, 1, 1, 1),
	(2, 1, 2, 1),
	(3, 1, 3, 1),
	(4, 1, 4, 1),
	(5, 1, 5, 1),
	(6, 1, 6, 1),
	(7, 1, 7, 1),
	(8, 1, 8, 1),
	(9, 1, 9, 1),
	(10, 1, 10, 1),
	(11, 1, 11, 1),
	(12, 1, 12, 1),
	(13, 1, 13, 1),
	(14, 1, 14, 1),
	(15, 1, 15, 1),
	(16, 1, 16, 1),
	(17, 1, 17, 1),
	(18, 1, 18, 1),
	(19, 2, 1, 0),
	(20, 2, 2, 1),
	(21, 2, 3, 1),
	(22, 2, 4, 1),
	(23, 2, 5, 1),
	(24, 2, 6, 0),
	(25, 2, 7, 1),
	(26, 2, 8, 1),
	(27, 2, 9, 1),
	(28, 2, 10, 0),
	(29, 2, 11, 1),
	(30, 2, 12, 0),
	(31, 2, 13, 0),
	(32, 2, 14, 0),
	(33, 2, 15, 0),
	(34, 2, 16, 0),
	(35, 2, 17, 0),
	(36, 2, 18, 0),
	(37, 3, 1, 0),
	(38, 3, 2, 1),
	(39, 3, 3, 1),
	(40, 3, 4, 1),
	(41, 3, 5, 1),
	(42, 3, 6, 0),
	(43, 3, 7, 1),
	(44, 3, 8, 0),
	(45, 3, 9, 0),
	(46, 3, 10, 0),
	(47, 3, 11, 1),
	(48, 3, 12, 0),
	(49, 3, 13, 0),
	(50, 3, 14, 0),
	(51, 3, 15, 0),
	(52, 3, 16, 0),
	(53, 3, 17, 0),
	(54, 3, 18, 0);
/*!40000 ALTER TABLE `tb_rolesxpermisos` ENABLE KEYS */;

-- Volcando estructura para tabla db_proyectofarmacia.tb_usuarios
CREATE TABLE IF NOT EXISTS `tb_usuarios` (
  `id_usuario` int(11) NOT NULL AUTO_INCREMENT,
  `nickname_usuario` varchar(50) COLLATE utf8_spanish2_ci NOT NULL,
  `clave_usuario` varchar(100) COLLATE utf8_spanish2_ci NOT NULL,
  `id_estado` int(11) DEFAULT NULL,
  `id_rol` int(11) DEFAULT NULL,
  `fechacreacion_usuario` date NOT NULL,
  `update_at` datetime DEFAULT NULL,
  PRIMARY KEY (`id_usuario`),
  UNIQUE KEY `nombre_usuario` (`nickname_usuario`),
  KEY `id_estado` (`id_estado`),
  KEY `id_rol` (`id_rol`),
  CONSTRAINT `fk_usuarios-estados` FOREIGN KEY (`id_estado`) REFERENCES `tb_estados` (`id_estado`),
  CONSTRAINT `fk_usuarios-roles` FOREIGN KEY (`id_rol`) REFERENCES `tb_roles` (`id_rol`)
) ENGINE=InnoDB AUTO_INCREMENT=8 DEFAULT CHARSET=utf8 COLLATE=utf8_spanish2_ci;

-- Volcando datos para la tabla db_proyectofarmacia.tb_usuarios: ~3 rows (aproximadamente)
/*!40000 ALTER TABLE `tb_usuarios` DISABLE KEYS */;
INSERT INTO `tb_usuarios` (`id_usuario`, `nickname_usuario`, `clave_usuario`, `id_estado`, `id_rol`, `fechacreacion_usuario`, `update_at`) VALUES
	(1, 'miguel.cerquera', '$2y$12$Q52qyXdqdleAcCAoPS3ZyOYNqr5qWB/bHsWyrHlaF7wwkrnVghROC', 1, 1, '2019-05-22', NULL),
	(6, 'yovani.romo', '$2y$12$SEpIqaTA/VtteLh9TUNVxOR07/k5fBS1ZI1upPyc2JvczZr4KFipa', 2, 3, '2019-05-22', '2019-06-26 13:29:51'),
	(7, 'daniel.salazar', '$2y$12$QIXFlulh/FZX0/Kf8cshiOshOfm/EbDbnu02icapgtlyvfjnhfEGC', 1, 3, '2019-06-26', '2019-06-26 13:30:33');
/*!40000 ALTER TABLE `tb_usuarios` ENABLE KEYS */;

-- Volcando estructura para tabla db_proyectofarmacia.tb_usuarioxempleado
CREATE TABLE IF NOT EXISTS `tb_usuarioxempleado` (
  `id_usuarioxempleado` int(11) NOT NULL AUTO_INCREMENT,
  `id_empleado` int(25) DEFAULT NULL,
  `id_usuario` int(11) DEFAULT NULL,
  `update_at` datetime NOT NULL,
  PRIMARY KEY (`id_usuarioxempleado`),
  KEY `id_empleado` (`id_empleado`),
  KEY `id_usuario` (`id_usuario`),
  CONSTRAINT `fk_usuarioxempleado-empleado` FOREIGN KEY (`id_empleado`) REFERENCES `tb_empleados` (`id_empleado`),
  CONSTRAINT `fk_usuarioxempleado-usuario` FOREIGN KEY (`id_usuario`) REFERENCES `tb_usuarios` (`id_usuario`)
) ENGINE=InnoDB AUTO_INCREMENT=8 DEFAULT CHARSET=utf8 COLLATE=utf8_spanish2_ci;

-- Volcando datos para la tabla db_proyectofarmacia.tb_usuarioxempleado: ~3 rows (aproximadamente)
/*!40000 ALTER TABLE `tb_usuarioxempleado` DISABLE KEYS */;
INSERT INTO `tb_usuarioxempleado` (`id_usuarioxempleado`, `id_empleado`, `id_usuario`, `update_at`) VALUES
	(1, 1144198853, 1, '2019-05-22 01:18:22'),
	(6, 31856789, 6, '2019-06-26 13:29:52'),
	(7, 1144198854, 7, '2019-06-26 13:30:33');
/*!40000 ALTER TABLE `tb_usuarioxempleado` ENABLE KEYS */;

/*!40101 SET SQL_MODE=IFNULL(@OLD_SQL_MODE, '') */;
/*!40014 SET FOREIGN_KEY_CHECKS=IF(@OLD_FOREIGN_KEY_CHECKS IS NULL, 1, @OLD_FOREIGN_KEY_CHECKS) */;
/*!40101 SET CHARACTER_SET_CLIENT=@OLD_CHARACTER_SET_CLIENT */;
